Workbook

Sheet Master_620
A1: Case_ID | B1: Configuration | C1: Configuration_family | D1: Reference_specimen | E1: FE_model_file | F1: LHS_sample | G1: fc_MPa | H1: ALR | I1: rho_bl | J1: rho_sh | K1: rho_l | L1: rho_t | M1: dbar_mm | N1: webspacing_mm | O1: dbar1_mm | P1: no_bars_bl | Q1: rho_l_computed | R1: P_N | S1: epc0M | T1: My_kNm | U1: V_CE_kN | V1: V_MCyE_kN | W1: V_CE_over_V_MCyE | X1: FEMA_classification | Y1: dbar2_mm | Z1: Vmax_pos_kN | AA1: Delta_max_pos_mm | AB1: Delta_at_Vmax_pos_mm | AC1: Delta_y_pos_mm | AD1: Delta_20loss_pos_mm | AE1: Delta_u_pos_mm | AF1: Ultimate_source_pos | AG1: Reached_20loss_pos | AH1: mu_pos | AI1: Vmax_neg_kN | AJ1: Delta_max_neg_mm | AK1: Delta_at_Vmax_neg_mm | AL1: Delta_y_neg_mm | AM1: Delta_20loss_neg_mm | AN1: Delta_u_neg_mm | AO1: Ultimate_source_neg | AP1: Reached_20loss_neg | AQ1: mu_neg | AR1: Vmax_abs_kN | AS1: Delta_u_abs_mm | AT1: mu_abs | AU1: Delta_u_lower_bound_mm | AV1: Delta_u_upper_bound_mm | AW1: mu_lower_bound | AX1: mu_upper_bound | AY1: ML range status (see the red box in the Metadata sheet for the ranges) | AZ1: ML Out_of_range inputs | BA1: ML_E_max | BB1: ML_E_ALR | BC1: ML_E_rho_t
A2: Base model_LHS01 | B2: Base model | C2: Reference | D2: WSH6 | E2: run_FEmodel_webconf.py | F2: 1 | G2: 22.11414 | H2: 28.832066 | I2: 1.57 | J2: 1.5 | K2: 0.54 | L2: 0.25 | M2: 8 | N2: 125 | Q2: 0.53616515 | R2: 1866510.3 | S2: -0.0052570151 | T2: 931.9314 | U2: 672.06023 | V2: 206.17951 | W2: 3.2595878 | X2: Flexure-dominated | Z2: 543.999 | AA2: 95.1634 | AB2: 37.8091 | AC2: 15.881388 | AD2: 46.317002 | AE2: 46.317002 | AF2: 20pct_loss | AG2: TRUE | AH2: 2.9164329 | AI2: 543.695 | AJ2: 91.3101 | AK2: 39.0974 | AL2: 15.612095 | AM2: 46.130177 | AN2: 46.130177 | AO2: 20pct_loss | AP2: TRUE | AQ2: 2.9547718 | AR2: 543.999 | AS2: 46.317002 | AT2: 2.9547718 | AU2: 34.5988 | AV2: 49.420241 | AW2: 2.2072145 | AX2: 3.1527415 | AY2: Within calibration ranges | AZ2: None | BA2: =IF(COUNT(BB2:BC2)=2,MAX(BB2:BC2),"Missing input") -> 0 | BB2: =IF(AND(ISNUMBER(H2),Metadata!$H$5>Metadata!$G$5),MAX(Metadata!$G$5-H2,0,H2-Metadata!$H$5)/(Metadata!$H$5-Metadata!$G$5),"Missing input") -> 0 | BC2: =IF(AND(ISNUMBER(L2),Metadata!$H$8>Metadata!$G$8),MAX(Metadata!$G$8-L2,0,L2-Metadata!$H$8)/(Metadata!$H$8-Metadata!$G$8),"Missing input") -> 0
A3: Base model_LHS02 | B3: Base model | C3: Reference | D3: WSH6 | E3: run_FEmodel_webconf.py | F3: 2 | G3: 39.289373 | H3: 11.435997 | I3: 1.57 | J3: 1.5 | K3: 0.54 | L3: 0.25 | M3: 8 | N3: 125 | Q3: 0.53616515 | R3: 1301660.8 | S3: -0.0032987621 | T3: 682.24592 | U3: 750.05746 | V3: 150.93936 | W3: 4.9692634 | X3: Flexure-dominated | Z3: 551.621 | AA3: 95.1634 | AB3: 51.2964 | AC3: 15.180845 | AE3: 95.1634 | AF3: delta_max_fallback | AG3: FALSE | AH3: 6.2686497 | AI3: 548.427 | AJ3: 91.3101 | AK3: 60.9428 | AL3: 14.7453 | AN3: 91.3101 | AO3: delta_max_fallback | AP3: FALSE | AQ3: 6.1924886 | AR3: 551.621 | AS3: 95.1634 | AT3: 6.2686497 | AU3: 71.08706 | AV3: 101.53935 | AW3: 4.6826813 | AX3: 6.6886493 | AY3: Within calibration ranges | AZ3: None | BA3: =IF(COUNT(BB3:BC3)=2,MAX(BB3:BC3),"Missing input") -> 0 | BB3: =IF(AND(ISNUMBER(H3),Metadata!$H$5>Metadata!$G$5),MAX(Metadata!$G$5-H3,0,H3-Metadata!$H$5)/(Metadata!$H$5-Metadata!$G$5),"Missing input") -> 0 | BC3: =IF(AND(ISNUMBER(L3),Metadata!$H$8>Metadata!$G$8),MAX(Metadata!$G$8-L3,0,L3-Metadata!$H$8)/(Metadata!$H$8-Metadata!$G$8),"Missing input") -> 0
A4: Base model_LHS03 | B4: Base model | C4: Reference | D4: WSH6 | E4: run_FEmodel_webconf.py | F4: 3 | G4: 50.720967 | H4: 41.572102 | I4: 1.57 | J4: 1.5 | K4: 0.54 | L4: 0.25 | M4: 8 | N4: 125 | Q4: 0.53616515 | R4: 6279453 | S4: -0.0055786534 | T4: 2795.5189 | U4: 792.59154 | V4: 618.47764 | W4: 1.2815201 | X4: Flexure-dominated | Z4: 1025.73 | AA4: 95.1634 | AB4: 29.7498 | AC4: 14.046562 | AD4: 31.362191 | AE4: 31.362191 | AF4: 20pct_loss | AG4: TRUE | AH4: 2.2327307 | AI4: 1028.78 | AJ4: 91.3101 | AK4: 30.3602 | AL4: 13.216089 | AM4: 32.170972 | AN4: 32.170972 | AO4: 20pct_loss | AP4: TRUE | AQ4: 2.4342277 | AR4: 1028.78 | AS4: 32.170972 | AT4: 2.4342277 | AU4: 24.031716 | AV4: 34.326427 | AW4: 1.8183681 | AX4: 2.597321 | AY4: Outside calibration ranges | AZ4: ALR | BA4: =IF(COUNT(BB4:BC4)=2,MAX(BB4:BC4),"Missing input") -> 0.046063612 | BB4: =IF(AND(ISNUMBER(H4),Metadata!$H$5>Metadata!$G$5),MAX(Metadata!$G$5-H4,0,H4-Metadata!$H$5)/(Metadata!$H$5-Metadata!$G$5),"Missing input") -> 0.046063612 | BC4: =IF(AND(ISNUMBER(L4),Metadata!$H$8>Metadata!$G$8),MAX(Metadata!$G$8-L4,0,L4-Metadata!$H$8)/(Metadata!$H$8-Metadata!$G$8),"Missing input") -> 0
A5: Base model_LHS04 | B5: Base model | C5: Reference | D5: WSH6 | E5: run_FEmodel_webconf.py | F5: 4 | G5: 40.065365 | H5: 25.230644 | I5: 1.57 | J5: 1.5 | K5: 0.54 | L5: 0.25 | M5: 8 | N5: 125 | Q5: 0.53616515 | R5: 2986346.2 | S5: -0.0049865957 | T5: 1323.2635 | U5: 753.12628 | V5: 292.75741 | W5: 2.5725268 | X5: Flexure-dominated | Z5: 769.551 | AA5: 95.1634 | AB5: 42.5196 | AC5: 15.237534 | AD5: 51.184497 | AE5: 51.184497 | AF5: 20pct_loss | AG5: TRUE | AH5: 3.3591063 | AI5: 765.362 | AJ5: 91.3101 | AK5: 39.3589 | AL5: 14.863861 | AM5: 51.291697 | AN5: 51.291697 | AO5: 20pct_loss | AP5: TRUE | AQ5: 3.4507654 | AR5: 769.551 | AS5: 51.291697 | AT5: 3.4507654 | AU5: 38.314897 | AV5: 54.72824 | AW5: 2.5777218 | AX5: 3.6819667 | AY5: Within calibration ranges | AZ5: None | BA5: =IF(COUNT(BB5:BC5)=2,MAX(BB5:BC5),"Missing input") -> 0 | BB5: =IF(AND(ISNUMBER(H5),Metadata!$H$5>Metadata!$G$5),MAX(Metadata!$G$5-H5,0,H5-Metadata!$H$5)/(Metadata!$H$5-Metadata!$G$5),"Missing input") -> 0 | BC5: =IF(AND(ISNUMBER(L5),Metadata!$H$8>Metadata!$G$8),MAX(Metadata!$G$8-L5,0,L5-Metadata!$H$8)/(Metadata!$H$8-Metadata!$G$8),"Missing input") -> 0
A6: Base model_LHS05 | B6: Base model | C6: Reference | D6: WSH6 | E6: run_FEmodel_webconf.py | F6: 5 | G6: 44.69165 | H6: 35.27886 | I6: 1.57 | J6: 1.5 | K6: 0.54 | L6: 0.25 | M6: 8 | N6: 125 | Q6: 0.53616515 | R6: 4683732.7 | S6: -0.0055329742 | T6: 2061.9786 | U6: 770.8356 | V6: 456.18996 | W6: 1.6897251 | X6: Flexure-dominated | Z6: 911.832 | AA6: 95.1634 | AB6: 34.0313 | AC6: 14.515034 | AD6: 37.423961 | AE6: 37.423961 | AF6: 20pct_loss | AG6: TRUE | AH6: 2.5782896 | AI6: 906.854 | AJ6: 91.3101 | AK6: 33.604 | AL6: 13.803331 | AM6: 36.859673 | AN6: 36.859673 | AO6: 20pct_loss | AP6: TRUE | AQ6: 2.6703463 | AR6: 911.832 | AS6: 37.423961 | AT6: 2.6703463 | AU6: 27.955699 | AV6: 39.931367 | AW6: 1.9947487 | AX6: 2.8492595 | AY6: Within calibration ranges | AZ6: None | BA6: =IF(COUNT(BB6:BC6)=2,MAX(BB6:BC6),"Missing input") -> 0 | BB6: =IF(AND(ISNUMBER(H6),Metadata!$H$5>Metadata!$G$5),MAX(Metadata!$G$5-H6,0,H6-Metadata!$H$5)/(Metadata!$H$5-Metadata!$G$5),"Missing input") -> 0 | BC6: =IF(AND(ISNUMBER(L6),Metadata!$H$8>Metadata!$G$8),MAX(Metadata!$G$8-L6,0,L6-Metadata!$H$8)/(Metadata!$H$8-Metadata!$G$8),"Missing input") -> 0
A7: Base model_LHS06 | B7: Base model | C7: Reference | D7: WSH6 | E7: run_FEmodel_webconf.py | F7: 6 | G7: 33.0865 | H7: 19.795806 | I7: 1.57 | J7: 1.5 | K7: 0.54 | L7: 0.25 | M7: 8 | N7: 125 | Q7: 0.53616515 | R7: 1918643.2 | S7: -0.0044211785 | T7: 915.03918 | U7: 724.3481 | V7: 202.4423 | W7: 3.5780472 | X7: Flexure-dominated | Z7: 616.862 | AA7: 95.1562 | AB7: 49.5823 | AC7: 15.366174 | AD7: 62.966901 | AE7: 62.966901 | AF7: 20pct_loss | AG7: TRUE | AH7: 4.0977606 | AI7: 615.079 | AJ7: 91.3172 | AK7: 39.3589 | AL7: 15.037701 | AM7: 58.63334 | AN7: 58.63334 | AO7: 20pct_loss | AP7: TRUE | AQ7: 3.8990894 | AR7: 616.862 | AS7: 62.966901 | AT7: 4.0977606 | AU7: 47.036275 | AV7: 67.185683 | AW7: 3.0610272 | AX7: 4.3723106 | AY7: Within calibration ranges | AZ7: None | BA7: =IF(COUNT(BB7:BC7)=2,MAX(BB7:BC7),"Missing input") -> 0 | BB7: =IF(AND(ISNUMBER(H7),Metadata!$H$5>Metadata!$G$5),MAX(Metadata!$G$5-H7,0,H7-Metadata!$H$5)/(Metadata!$H$5-Metadata!$G$5),"Missing input") -> 0 | BC7: =IF(AND(ISNUMBER(L7),Metadata!$H$8>Metadata!$G$8),MAX(Metadata!$G$8-L7,0,L7-Metadata!$H$8)/(Metadata!$H$8-Metadata!$G$8),"Missing input") -> 0
A8: Base model_LHS07 | B8: Base model | C8: Reference | D8: WSH6 | E8: run_FEmodel_webconf.py | F8: 7 | G8: 42.943728 | H8: 31.604416 | I8: 1.57 | J8: 1.5 | K8: 0.54 | L8: 0.25 | M8: 8 | N8: 125 | Q8: 0.53616515 | R8: 4025355.6 | S8: -0.0054071197 | T8: 1767.1252 | U8: 764.25752 | V8: 390.9569 | W8: 1.9548383 | X8: Flexure-dominated | Z8: 866.175 | AA8: 95.1634 | AB8: 37.0536 | AC8: 14.901202 | AD8: 41.157465 | AE8: 41.157465 | AF8: 20pct_loss | AG8: TRUE | AH8: 2.7620232 | AI8: 862.743 | AJ8: 91.3101 | AK8: 36.7431 | AL8: 14.350079 | AM8: 39.961967 | AN8: 39.961967 | AO8: 20pct_loss | AP8: TRUE | AQ8: 2.7847907 | AR8: 866.175 | AS8: 41.157465 | AT8: 2.7847907 | AU8: 30.744626 | AV8: 43.915015 | AW8: 2.0802386 | AX8: 2.9713716 | AY8: Within calibration ranges | AZ8: None | BA8: =IF(COUNT(BB8:BC8)=2,MAX(BB8:BC8),"Missing input") -> 0 | BB8: =IF(AND(ISNUMBER(H8),Metadata!$H$5>Metadata!$G$5),MAX(Metadata!$G$5-H8,0,H8-Metadata!$H$5)/(Metadata!$H$5-Metadata!$G$5),"Missing input") -> 0 | BC8: =IF(AND(ISNUMBER(L8),Metadata!$H$8>Metadata!$G$8),MAX(Metadata!$G$8-L8,0,L8-Metadata!$H$8)/(Metadata!$H$8-Metadata!$G$8),"Missing input") -> 0
A9: Base model_LHS08 | B9: Base model | C9: Reference | D9: WSH6 | E9: run_FEmodel_webconf.py | F9: 8 | G9: 29.155455 | H9: 7.3398505 | I9: 1.57 | J9: 1.5 | K9: 0.54 | L9: 0.25 | M9: 8 | N9: 125 | Q9: 0.53616515 | R9: 595711.37 | S9: -0.0027297983 | T9: 480.50832 | U9: 706.7859 | V9: 106.30715 | W9: 6.6485265 | X9: Flexure-dominated | Z9: 414.678 | AA9: 95.1634 | AB9: 65.0062 | AC9: 16.034242 | AE9: 95.1634 | AF9: delta_max_fallback | AG9: FALSE | AH9: 5.935011 | AI9: 411.174 | AJ9: 91.3101 | AK9: 64.8115 | AL9: 15.465795 | AN9: 91.3101 | AO9: delta_max_fallback | AP9: FALSE | AQ9: 5.9040032 | AR9: 414.678 | AS9: 95.1634 | AT9: 5.935011 | AU9: 71.08706 | AV9: 101.53935 | AW9: 4.4334532 | AX9: 6.3326567 | AY9: Within calibration ranges | AZ9: None | BA9: =IF(COUNT(BB9:BC9)=2,MAX(BB9:BC9),"Missing input") -> 0 | BB9: =IF(AND(ISNUMBER(H9),Metadata!$H$5>Metadata!$G$5),MAX(Metadata!$G$5-H9,0,H9-Metadata!$H$5)/(Metadata!$H$5-Metadata!$G$5),"Missing input") -> 0 | BC9: =IF(AND(ISNUMBER(L9),Metadata!$H$8>Metadata!$G$8),MAX(Metadata!$G$8-L9,0,L9-Metadata!$H$8)/(Metadata!$H$8-Metadata!$G$8),"Missing input") -> 0
A10: Base model_LHS09 | B10: Base model | C10: Reference | D10: WSH6 | E10: run_FEmodel_webconf.py | F10: 9 | G10: 59.748609 | H10: 37.783512 | I10: 1.57 | J10: 1.5 | K10: 0.54 | L10: 0.25 | M10: 8 | N10: 125 | Q10: 0.53616515 | R10: 6726258.3 | S10: -0.0055750733 | T10: 2958.9793 | U10: 822.87545 | V10: 654.64145 | W10: 1.2569865 | X10: Flexure-dominated | Z10: 1157.19 | AA10: 95.1634 | AB10: 32.5202 | AC10: 14.692825 | AD10: 34.622735 | AE10: 34.622735 | AF10: 20pct_loss | AG10: TRUE | AH10: 2.3564382 | AI10: 1156.84 | AJ10: 91.3101 | AK10: 32.2893 | AL10: 13.92541 | AM10: 33.94974 | AN10: 33.94974 | AO10: 20pct_loss | AP10: TRUE | AQ10: 2.4379706 | AR10: 1157.19 | AS10: 34.622735 | AT10: 2.4379706 | AU10: 25.863183 | AV10: 36.942458 | AW10: 1.821164 | AX10: 2.6013146 | AY10: Within calibration ranges | AZ10: None | BA10: =IF(COUNT(BB10:BC10)=2,MAX(BB10:BC10),"Missing input") -> 0 | BB10: =IF(AND(ISNUMBER(H10),Metadata!$H$5>Metadata!$G$5),MAX(Metadata!$G$5-H10,0,H10-Metadata!$H$5)/(Metadata!$H$5-Metadata!$G$5),"Missing input") -> 0 | BC10: =IF(AND(ISNUMBER(L10),Metadata!$H$8>Metadata!$G$8),MAX(Metadata!$G$8-L10,0,L10-Metadata!$H$8)/(Metadata!$H$8-Metadata!$G$8),"Missing input") -> 0
A11: Base model_LHS10 | B11: Base model | C11: Reference | D11: WSH6 | E11: run_FEmodel_webconf.py | F11: 10 | G11: 34.746338 | H11: 23.741461 | I11: 1.57 | J11: 1.5 | K11: 0.54 | L11: 0.25 | M11: 8 | N11: 125 | Q11: 0.53616515 | R11: 2428507.8 | S11: -0.0048497307 | T11: 1111.2173 | U11: 731.44834 | V11: 245.84454 | W11: 2.9752474 | X11: Flexure-dominated | Z11: 685.071 | AA11: 95.1634 | AB11: 44.0137 | AC11: 15.47756 | AD11: 54.194583 | AE11: 54.194583 | AF11: 20pct_loss | AG11: TRUE | AH11: 3.5014939 | AI11: 679.572 | AJ11: 91.3101 | AK11: 39.3589 | AL11: 15.018495 | AM11: 53.263618 | AN11: 53.263618 | AO11: 20pct_loss | AP11: TRUE | AQ11: 3.546535 | AR11: 685.071 | AS11: 54.194583 | AT11: 3.546535 | AU11: 40.483354 | AV11: 57.82562 | AW11: 2.6492616 | AX11: 3.7841528 | AY11: Within calibration ranges | AZ11: None | BA11: =IF(COUNT(BB11:BC11)=2,MAX(BB11:BC11),"Missing input") -> 0 | BB11: =IF(AND(ISNUMBER(H11),Metadata!$H$5>Metadata!$G$5),MAX(Metadata!$G$5-H11,0,H11-Metadata!$H$5)/(Metadata!$H$5-Metadata!$G$5),"Missing input") -> 0 | BC11: =IF(AND(ISNUMBER(L11),Metadata!$H$8>Metadata!$G$8),MAX(Metadata!$G$8-L11,0,L11-Metadata!$H$8)/(Metadata!$H$8-Metadata!$G$8),"Missing input") -> 0
A12: Base model_LHS11 | B12: Base model | C12: Reference | D12: WSH6 | E12: run_FEmodel_webconf.py | F12: 11 | G12: 24.502162 | H12: 33.048591 | I12: 1.57 | J12: 1.5 | K12: 0.54 | L12: 0.25 | M12: 8 | N12: 125 | Q12: 0.53616515 | R12: 2383007.1 | S12: -0.0054661474 | T12: 1134.972 | U12: 684.38581 | V12: 251.1 | W12: 2.7255508 | X12: Flexure-dominated | Z12: 594.906 | AA12: 95.1634 | AB12: 36.0462 | AC12: 15.223573 | AD12: 40.609287 | AE12: 40.609287 | AF12: 20pct_loss | AG12: TRUE | AH12: 2.6675266 | AI12: 590.427 | AJ12: 91.3101 | AK12: 35.6967 | AL12: 14.583646 | AM12: 39.912115 | AN12: 39.912115 | AO12: 20pct_loss | AP12: TRUE | AQ12: 2.7367721 | AR12: 594.906 | AS12: 40.609287 | AT12: 2.7367721 | AU12: 30.335138 | AV12: 43.33011 | AW12: 2.0443687 | AX12: 2.9201358 | AY12: Within calibration ranges | AZ12: None | BA12: =IF(COUNT(BB12:BC12)=2,MAX(BB12:BC12),"Missing input") -> 0 | BB12: =IF(AND(ISNUMBER(H12),Metadata!$H$5>Metadata!$G$5),MAX(Metadata!$G$5-H12,0,H12-Metadata!$H$5)/(Metadata!$H$5-Metadata!$G$5),"Missing input") -> 0 | BC12: =IF(AND(ISNUMBER(L12),Metadata!$H$8>Metadata!$G$8),MAX(Metadata!$G$8-L12,0,L12-Metadata!$H$8)/(Metadata!$H$8-Metadata!$G$8),"Missing input") -> 0
A13: Base model_LHS12 | B13: Base model | C13: Reference | D13: WSH6 | E13: run_FEmodel_webconf.py | F13: 12 | G13: 56.241154 | H13: 14.787645 | I13: 1.57 | J13: 1.5 | K13: 0.54 | L13: 0.25 | M13: 8 | N13: 125 | Q13: 0.53616515 | R13: 2448743.9 | S13: -0.0037693155 | T13: 1060.8343 | U13: 811.40112 | V13: 234.69786 | W13: 3.4572157 | X13: Flexure-dominated | Z13: 770.38 | AA13: 95.1634 | AB13: 51.2964 | AC13: 14.575598 | AD13: 82.815587 | AE13: 82.815587 | AF13: 20pct_loss | AG13: TRUE | AH13: 5.6817969 | AI13: 765.955 | AJ13: 91.3101 | AK13: 51.7576 | AL13: 14.188555 | AM13: 81.947691 | AN13: 81.947691 | AO13: 20pct_loss | AP13: TRUE | AQ13: 5.7756192 | AR13: 770.38 | AS13: 82.815587 | AT13: 5.7756192 | AU13: 61.863243 | AV13: 88.364231 | AW13: 4.3143875 | AX13: 6.1625856 | AY13: Within calibration ranges | AZ13: None | BA13: =IF(COUNT(BB13:BC13)=2,MAX(BB13:BC13),"Missing input") -> 0 | BB13: =IF(AND(ISNUMBER(H13),Metadata!$H$5>Metadata!$G$5),MAX(Metadata!$G$5-H13,0,H13-Metadata!$H$5)/(Metadata!$H$5-Metadata!$G$5),"Missing input") -> 0 | BC13: =IF(AND(ISNUMBER(L13),Metadata!$H$8>Metadata!$G$8),MAX(Metadata!$G$8-L13,0,L13-Metadata!$H$8)/(Metadata!$H$8-Metadata!$G$8),"Missing input") -> 0
A14: Base model_LHS13 | B14: Base model | C14: Reference | D14: WSH6 | E14: run_FEmodel_webconf.py | F14: 13 | G14: 49.119901 | H14: 22.549335 | I14: 1.57 | J14: 1.5 | K14: 0.54 | L14: 0.25 | M14: 8 | N14: 125 | Q14: 0.53616515 | R14: 3276584.6 | S14: -0.0047299668 | T14: 1412.9688 | U14: 786.94653 | V14: 312.60372 | W14: 2.5173934 | X14: Flexure-dominated | Z14: 852.654 | AA14: 95.1634 | AB14: 44.9102 | AC14: 15.152109 | AD14: 57.026724 | AE14: 57.026724 | AF14: 20pct_loss | AG14: TRUE | AH14: 3.7636163 | AI14: 847.754 | AJ14: 91.3101 | AK14: 45.5743 | AL14: 14.830516 | AM14: 56.856433 | AN14: 56.856433 | AO14: 20pct_loss | AP14: TRUE | AQ14: 3.8337461 | AR14: 852.654 | AS14: 57.026724 | AT14: 3.8337461 | AU14: 42.598963 | AV14: 60.847515 | AW14: 2.8638083 | AX14: 4.090607 | AY14: Within calibration ranges | AZ14: None | BA14: =IF(COUNT(BB14:BC14)=2,MAX(BB14:BC14),"Missing input") -> 0 | BB14: =IF(AND(ISNUMBER(H14),Metadata!$H$5>Metadata!$G$5),MAX(Metadata!$G$5-H14,0,H14-Metadata!$H$5)/(Metadata!$H$5-Metadata!$G$5),"Missing input") -> 0 | BC14: =IF(AND(ISNUMBER(L14),Metadata!$H$8>Metadata!$G$8),MAX(Metadata!$G$8-L14,0,L14-Metadata!$H$8)/(Metadata!$H$8-Metadata!$G$8),"Missing input") -> 0
A15: Base model_LHS14 | B15: Base model | C15: Reference | D15: WSH6 | E15: run_FEmodel_webconf.py | F15: 14 | G15: 37.958866 | H15: 9.8264864 | I15: 1.57 | J15: 1.5 | K15: 0.54 | L15: 0.25 | M15: 8 | N15: 125 | Q15: 0.53616515 | R15: 1072728.2 | S15: -0.0030721352 | T15: 610.81355 | U15: 744.7243 | V15: 135.13574 | W15: 5.5109351 | X15: Flexure-dominated | Z15: 512.55 | AA15: 95.1648 | AB15: 63.7122 | AC15: 15.375727 | AE15: 95.1648 | AF15: delta_max_fallback | AG15: FALSE | AH15: 6.1892878 | AI15: 509.516 | AJ15: 91.3087 | AK15: 63.5219 | AL15: 14.947768 | AM15: 78.520592 | AN15: 78.520592 | AO15: 20pct_loss | AP15: TRUE | AQ15: 5.2529977 | AR15: 512.55 | AS15: 95.1648 | AT15: 6.1892878 | AU15: 71.088106 | AV15: 101.54084 | AW15: 4.623398 | AX15: 6.6039701 | AY15: Within calibration ranges | AZ15: None | BA15: =IF(COUNT(BB15:BC15)=2,MAX(BB15:BC15),"Missing input") -> 0 | BB15: =IF(AND(ISNUMBER(H15),Metadata!$H$5>Metadata!$G$5),MAX(Metadata!$G$5-H15,0,H15-Metadata!$H$5)/(Metadata!$H$5-Metadata!$G$5),"Missing input") -> 0 | BC15: =IF(AND(ISNUMBER(L15),Metadata!$H$8>Metadata!$G$8),MAX(Metadata!$G$8-L15,0,L15-Metadata!$H$8)/(Metadata!$H$8-Metadata!$G$8),"Missing input") -> 0
A16: Base model_LHS15 | B16: Base model | C16: Reference | D16: WSH6 | E16: run_FEmodel_webconf.py | F16: 15 | G16: 27.308053 | H16: 5.2772179 | I16: 1.57 | J16: 1.5 | K16: 0.54 | L16: 0.25 | M16: 8 | N16: 125 | Q16: 0.53616515 | R16: 386052.96 | S16: -0.0024589482 | T16: 428.52672 | U16: 698.12364 | V16: 94.806797 | W16: 7.3636455 | X16: Flexure-dominated | Z16: 372.884 | AA16: 95.1331 | AB16: 51.2964 | AC16: 16.373133 | AE16: 95.1331 | AF16: delta_max_fallback | AG16: FALSE | AH16: 5.8103175 | AI16: 371.561 | AJ16: 91.3403 | AK16: 32.2893 | AL16: 15.939289 | AM16: 77.695292 | AN16: 77.695292 | AO16: 20pct_loss | AP16: TRUE | AQ16: 4.8744516 | AR16: 372.884 | AS16: 95.1331 | AT16: 5.8103175 | AU16: 71.064426 | AV16: 101.50702 | AW16: 4.3403072 | AX16: 6.1996088 | AY16: Within calibration ranges | AZ16: None | BA16: =IF(COUNT(BB16:BC16)=2,MAX(BB16:BC16),"Missing input") -> 0 | BB16: =IF(AND(ISNUMBER(H16),Metadata!$H$5>Metadata!$G$5),MAX(Metadata!$G$5-H16,0,H16-Metadata!$H$5)/(Metadata!$H$5-Metadata!$G$5),"Missing input") -> 0 | BC16: =IF(AND(ISNUMBER(L16),Metadata!$H$8>Metadata!$G$8),MAX(Metadata!$G$8-L16,0,L16-Metadata!$H$8)/(Metadata!$H$8-Metadata!$G$8),"Missing input") -> 0
A17: Base model_LHS16 | B17: Base model | C17: Reference | D17: WSH6 | E17: run_FEmodel_webconf.py | F17: 16 | G17: 31.125212 | H17: 39.506907 | I17: 1.57 | J17: 1.5 | K17: 0.54 | L17: 0.25 | M17: 8 | N17: 125 | Q17: 0.53616515 | R17: 3642703.9 | S17: -0.0055852406 | T17: 1657.5347 | U17: 715.72466 | V17: 366.71121 | W17: 1.9517392 | X17: Flexure-dominated | Z17: 710.031 | AA17: 95.1634 | AB17: 31.2609 | AC17: 13.989533 | AD17: 34.21212 | AE17: 34.21212 | AF17: 20pct_loss | AG17: TRUE | AH17: 2.4455513 | AI17: 715.681 | AJ17: 91.3101 | AK17: 32.0749 | AL17: 13.567638 | AM17: 33.496748 | AN17: 33.496748 | AO17: 20pct_loss | AP17: TRUE | AQ17: 2.468871 | AR17: 715.681 | AS17: 34.21212 | AT17: 2.468871 | AU17: 25.556454 | AV17: 36.504332 | AW17: 1.8442467 | AX17: 2.6342854 | AY17: Within calibration ranges | AZ17: None | BA17: =IF(COUNT(BB17:BC17)=2,MAX(BB17:BC17),"Missing input") -> 0 | BB17: =IF(AND(ISNUMBER(H17),Metadata!$H$5>Metadata!$G$5),MAX(Metadata!$G$5-H17,0,H17-Metadata!$H$5)/(Metadata!$H$5-Metadata!$G$5),"Missing input") -> 0 | BC17: =IF(AND(ISNUMBER(L17),Metadata!$H$8>Metadata!$G$8),MAX(Metadata!$G$8-L17,0,L17-Metadata!$H$8)/(Metadata!$H$8-Metadata!$G$8),"Missing input") -> 0
A18: Base model_LHS17 | B18: Base model | C18: Reference | D18: WSH6 | E18: run_FEmodel_webconf.py | F18: 17 | G18: 46.390186 | H18: 16.213875 | I18: 1.57 | J18: 1.5 | K18: 0.54 | L18: 0.25 | M18: 8 | N18: 125 | Q18: 0.53616515 | R18: 2210215.4 | S18: -0.0039638908 | T18: 992.19235 | U18: 777.10568 | V18: 219.51158 | W18: 3.540158 | X18: Flexure-dominated | Z18: 708.903 | AA18: 95.1634 | AB18: 51.2964 | AC18: 14.955036 | AD18: 77.933542 | AE18: 77.933542 | AF18: 20pct_loss | AG18: TRUE | AH18: 5.2111905 | AI18: 704.425 | AJ18: 91.3101 | AK18: 51.7576 | AL18: 14.520759 | AM18: 78.463475 | AN18: 78.463475 | AO18: 20pct_loss | AP18: TRUE | AQ18: 5.4035382 | AR18: 708.903 | AS18: 78.463475 | AT18: 5.4035382 | AU18: 58.612216 | AV18: 83.720528 | AW18: 4.036443 | AX18: 5.7655753 | AY18: Within calibration ranges | AZ18: None | BA18: =IF(COUNT(BB18:BC18)=2,MAX(BB18:BC18),"Missing input") -> 0 | BB18: =IF(AND(ISNUMBER(H18),Metadata!$H$5>Metadata!$G$5),MAX(Metadata!$G$5-H18,0,H18-Metadata!$H$5)/(Metadata!$H$5-Metadata!$G$5),"Missing input") -> 0 | BC18: =IF(AND(ISNUMBER(L18),Metadata!$H$8>Metadata!$G$8),MAX(Metadata!$G$8-L18,0,L18-Metadata!$H$8)/(Metadata!$H$8-Metadata!$G$8),"Missing input") -> 0
A19: Base model_LHS18 | B19: Base model | C19: Reference | D19: WSH6 | E19: run_FEmodel_webconf.py | F19: 18 | G19: 54.165408 | H19: 18.252758 | I19: 1.57 | J19: 1.5 | K19: 0.54 | L19: 0.25 | M19: 8 | N19: 125 | Q19: 0.53616515 | R19: 2919725.6 | S19: -0.0042307787 | T19: 1250.2446 | U19: 804.4414 | V19: 276.60279 | W19: 2.9082909 | X19: Flexure-dominated | Z19: 832.379 | AA19: 95.1634 | AB19: 51.2964 | AC19: 14.884526 | AD19: 70.353318 | AE19: 70.353318 | AF19: 20pct_loss | AG19: TRUE | AH19: 4.7266077 | AI19: 828.08 | AJ19: 91.3101 | AK19: 51.414 | AL19: 14.603005 | AM19: 70.353655 | AN19: 70.353655 | AO19: 20pct_loss | AP19: TRUE | AQ19: 4.8177518 | AR19: 832.379 | AS19: 70.353655 | AT19: 4.8177518 | AU19: 52.55418 | AV19: 75.06735 | AW19: 3.5988606 | AX19: 5.1405412 | AY19: Within calibration ranges | AZ19: None | BA19: =IF(COUNT(BB19:BC19)=2,MAX(BB19:BC19),"Missing input") -> 0 | BB19: =IF(AND(ISNUMBER(H19),Metadata!$H$5>Metadata!$G$5),MAX(Metadata!$G$5-H19,0,H19-Metadata!$H$5)/(Metadata!$H$5-Metadata!$G$5),"Missing input") -> 0 | BC19: =IF(AND(ISNUMBER(L19),Metadata!$H$8>Metadata!$G$8),MAX(Metadata!$G$8-L19,0,L19-Metadata!$H$8)/(Metadata!$H$8-Metadata!$G$8),"Missing input") -> 0
A20: Base model_LHS19 | B20: Base model | C20: Reference | D20: WSH6 | E20: run_FEmodel_webconf.py | F20: 19 | G20: 21.707483 | H20: 43.497365 | I20: 1.57 | J20: 1.5 | K20: 0.54 | L20: 0.25 | M20: 8 | N20: 125 | Q20: 0.53616515 | R20: 2786376.3 | S20: -0.0055552281 | T20: 1327.8442 | U20: 669.8961 | V20: 293.77084 | W20: 2.2803356 | X20: Flexure-dominated | Z20: 562.459 | AA20: 95.1634 | AB20: 29.498 | AC20: 13.845727 | AD20: 32.582868 | AE20: 32.582868 | AF20: 20pct_loss | AG20: TRUE | AH20: 2.3532796 | AI20: 568.924 | AJ20: 91.3101 | AK20: 30.5745 | AL20: 13.425343 | AM20: 32.294116 | AN20: 32.294116 | AO20: 20pct_loss | AP20: TRUE | AQ20: 2.4054592 | AR20: 568.924 | AS20: 32.582868 | AT20: 2.4054592 | AU20: 24.339402 | AV20: 34.76592 | AW20: 1.796878 | AX20: 2.5666249 | AY20: Outside calibration ranges | AZ20: ALR | BA20: =IF(COUNT(BB20:BC20)=2,MAX(BB20:BC20),"Missing input") -> 0.094596678 | BB20: =IF(AND(ISNUMBER(H20),Metadata!$H$5>Metadata!$G$5),MAX(Metadata!$G$5-H20,0,H20-Metadata!$H$5)/(Metadata!$H$5-Metadata!$G$5),"Missing input") -> 0.094596678 | BC20: =IF(AND(ISNUMBER(L20),Metadata!$H$8>Metadata!$G$8),MAX(Metadata!$G$8-L20,0,L20-Metadata!$H$8)/(Metadata!$H$8-Metadata!$G$8),"Missing input") -> 0
A21: Base model_LHS20 | B21: Base model | C21: Reference | D21: WSH6 | E21: run_FEmodel_webconf.py | F21: 20 | G21: 53.035991 | H21: 30.346543 | I21: 1.57 | J21: 1.5 | K21: 0.54 | L21: 0.25 | M21: 8 | N21: 125 | Q21: 0.53616515 | R21: 4782098.3 | S21: -0.0053451343 | T21: 2064.3921 | U21: 800.59853 | V21: 456.72392 | W21: 1.7529157 | X21: Flexure-dominated | Z21: 1003.94 | AA21: 95.1634 | AB21: 37.8091 | AC21: 15.069635 | AD21: 43.225377 | AE21: 43.225377 | AF21: 20pct_loss | AG21: TRUE | AH21: 2.8683759 | AI21: 1002.88 | AJ21: 91.3101 | AK21: 38.051 | AL21: 14.649799 | AM21: 41.575223 | AN21: 41.575223 | AO21: 20pct_loss | AP21: TRUE | AQ21: 2.8379381 | AR21: 1003.94 | AS21: 43.225377 | AT21: 2.8683759 | AU21: 32.289357 | AV21: 46.121478 | AW21: 2.1426768 | AX21: 3.0605571 | AY21: Within calibration ranges | AZ21: None | BA21: =IF(COUNT(BB21:BC21)=2,MAX(BB21:BC21),"Missing input") -> 0 | BB21: =IF(AND(ISNUMBER(H21),Metadata!$H$5>Metadata!$G$5),MAX(Metadata!$G$5-H21,0,H21-Metadata!$H$5)/(Metadata!$H$5-Metadata!$G$5),"Missing input") -> 0 | BC21: =IF(AND(ISNUMBER(L21),Metadata!$H$8>Metadata!$G$8),MAX(Metadata!$G$8-L21,0,L21-Metadata!$H$8)/(Metadata!$H$8-Metadata!$G$8),"Missing input") -> 0
A22: W-L_LHS01 | B22: W-L | C22: Web | D22: WSH6 | E22: run_FEmodel_webconf.py | F22: 1 | G22: 22.11414 | H22: 28.832066 | I22: 1.57 | J22: 1.5 | K22: 0.27 | L22: 0.18 | M22: 8 | N22: 250 | Q22: 0.26808257 | R22: 1866510.3 | S22: -0.0041993982 | T22: 931.9314 | U22: 549.48332 | V22: 206.17951 | W22: 2.6650724 | X22: Flexure-dominated | Z22: 509.855 | AA22: 95.1634 | AB22: 36.5499 | AC22: 13.666692 | AD22: 42.139915 | AE22: 42.139915 | AF22: 20pct_loss | AG22: TRUE | AH22: 3.0834027 | AI22: 507.417 | AJ22: 91.3101 | AK22: 35.9583 | AL22: 13.185077 | AM22: 40.049241 | AN22: 40.049241 | AO22: 20pct_loss | AP22: TRUE | AQ22: 3.0374673 | AR22: 509.855 | AS22: 42.139915 | AT22: 3.0834027 | AU22: 31.478516 | AV22: 44.963289 | AW22: 2.3033018 | AX22: 3.2899907 | AY22: Within calibration ranges | AZ22: None | BA22: =IF(COUNT(BB22:BC22)=2,MAX(BB22:BC22),"Missing input") -> 0 | BB22: =IF(AND(ISNUMBER(H22),Metadata!$H$5>Metadata!$G$5),MAX(Metadata!$G$5-H22,0,H22-Metadata!$H$5)/(Metadata!$H$5-Metadata!$G$5),"Missing input") -> 0 | BC22: =IF(AND(ISNUMBER(L22),Metadata!$H$8>Metadata!$G$8),MAX(Metadata!$G$8-L22,0,L22-Metadata!$H$8)/(Metadata!$H$8-Metadata!$G$8),"Missing input") -> 0
A23: W-L_LHS02 | B23: W-L | C23: Web | D23: WSH6 | E23: run_FEmodel_webconf.py | F23: 2 | G23: 39.289373 | H23: 11.435997 | I23: 1.57 | J23: 1.5 | K23: 0.27 | L23: 0.18 | M23: 8 | N23: 250 | Q23: 0.26808257 | R23: 1301660.8 | S23: -0.0028241322 | T23: 682.24592 | U23: 627.48055 | V23: 150.93936 | W23: 4.1571697 | X23: Flexure-dominated | Z23: 484.167 | AA23: 95.1634 | AB23: 62.4183 | AC23: 12.241724 | AE23: 95.1634 | AF23: delta_max_fallback | AG23: FALSE | AH23: 7.7736927 | AI23: 483.321 | AJ23: 91.3101 | AK23: 61.8025 | AL23: 11.772506 | AN23: 91.3101 | AO23: delta_max_fallback | AP23: FALSE | AQ23: 7.7562163 | AR23: 484.167 | AS23: 95.1634 | AT23: 7.7736927 | AU23: 71.08706 | AV23: 101.53935 | AW23: 5.8069484 | AX23: 8.2945301 | AY23: Within calibration ranges | AZ23: None | BA23: =IF(COUNT(BB23:BC23)=2,MAX(BB23:BC23),"Missing input") -> 0 | BB23: =IF(AND(ISNUMBER(H23),Metadata!$H$5>Metadata!$G$5),MAX(Metadata!$G$5-H23,0,H23-Metadata!$H$5)/(Metadata!$H$5-Metadata!$G$5),"Missing input") -> 0 | BC23: =IF(AND(ISNUMBER(L23),Metadata!$H$8>Metadata!$G$8),MAX(Metadata!$G$8-L23,0,L23-Metadata!$H$8)/(Metadata!$H$8-Metadata!$G$8),"Missing input") -> 0
A24: W-L_LHS03 | B24: W-L | C24: Web | D24: WSH6 | E24: run_FEmodel_webconf.py | F24: 3 | G24: 50.720967 | H24: 41.572102 | I24: 1.57 | J24: 1.5 | K24: 0.27 | L24: 0.18 | M24: 8 | N24: 250 | Q24: 0.26808257 | R24: 6279453 | S24: -0.0043224029 | T24: 2795.5189 | U24: 670.01463 | V24: 618.47764 | W24: 1.0833288 | X24: Shear-susceptible | Z24: 999.79 | AA24: 95.1634 | AB24: 25.7987 | AC24: 12.704555 | AD24: 26.034214 | AE24: 26.034214 | AF24: 20pct_loss | AG24: TRUE | AH24: 2.0492031 | AI24: 1005.74 | AJ24: 91.3101 | AK24: 26.2876 | AL24: 11.792141 | AM24: 26.982246 | AN24: 26.982246 | AO24: 20pct_loss | AP24: TRUE | AQ24: 2.288155 | AR24: 1005.74 | AS24: 26.982246 | AT24: 2.288155 | AU24: NA | AV24: NA | AW24: NA | AX24: NA | AY24: Outside calibration ranges | AZ24: ALR | BA24: =IF(COUNT(BB24:BC24)=2,MAX(BB24:BC24),"Missing input") -> 0.046063612 | BB24: =IF(AND(ISNUMBER(H24),Metadata!$H$5>Metadata!$G$5),MAX(Metadata!$G$5-H24,0,H24-Metadata!$H$5)/(Metadata!$H$5-Metadata!$G$5),"Missing input") -> 0.046063612 | BC24: =IF(AND(ISNUMBER(L24),Metadata!$H$8>Metadata!$G$8),MAX(Metadata!$G$8-L24,0,L24-Metadata!$H$8)/(Metadata!$H$8-Metadata!$G$8),"Missing input") -> 0
A25: W-L_LHS04 | B25: W-L | C25: Web | D25: WSH6 | E25: run_FEmodel_webconf.py | F25: 4 | G25: 40.065365 | H25: 25.230644 | I25: 1.57 | J25: 1.5 | K25: 0.27 | L25: 0.18 | M25: 8 | N25: 250 | Q25: 0.26808257 | R25: 2986346.2 | S25: -0.0040307655 | T25: 1323.2635 | U25: 630.54937 | V25: 292.75741 | W25: 2.1538289 | X25: Flexure-dominated | Z25: 726.929 | AA25: 95.0503 | AB25: 37.8091 | AC25: 13.156666 | AD25: 46.172164 | AE25: 46.172164 | AF25: 20pct_loss | AG25: TRUE | AH25: 3.5094122 | AI25: 726.83 | AJ25: 90.8177 | AK25: 39.0974 | AL25: 12.927323 | AM25: 39.830686 | AN25: 39.830686 | AO25: 20pct_loss | AP25: TRUE | AQ25: 3.081124 | AR25: 726.929 | AS25: 46.172164 | AT25: 3.5094122 | AU25: 34.490607 | AV25: 49.265699 | AW25: 2.6215309 | AX25: 3.7445428 | AY25: Within calibration ranges | AZ25: None | BA25: =IF(COUNT(BB25:BC25)=2,MAX(BB25:BC25),"Missing input") -> 0 | BB25: =IF(AND(ISNUMBER(H25),Metadata!$H$5>Metadata!$G$5),MAX(Metadata!$G$5-H25,0,H25-Metadata!$H$5)/(Metadata!$H$5-Metadata!$G$5),"Missing input") -> 0 | BC25: =IF(AND(ISNUMBER(L25),Metadata!$H$8>Metadata!$G$8),MAX(Metadata!$G$8-L25,0,L25-Metadata!$H$8)/(Metadata!$H$8-Metadata!$G$8),"Missing input") -> 0
A26: W-L_LHS05 | B26: W-L | C26: Web | D26: WSH6 | E26: run_FEmodel_webconf.py | F26: 5 | G26: 44.69165 | H26: 35.27886 | I26: 1.57 | J26: 1.5 | K26: 0.27 | L26: 0.18 | M26: 8 | N26: 250 | Q26: 0.26808257 | R26: 4683732.7 | S26: -0.0043434141 | T26: 2061.9786 | U26: 648.25869 | V26: 456.18996 | W26: 1.421028 | X26: Flexure-dominated | Z26: 885.397 | AA26: 95.1634 | AB26: 29.498 | AC26: 13.086103 | AD26: 31.084935 | AE26: 31.084935 | AF26: 20pct_loss | AG26: TRUE | AH26: 2.3754157 | AI26: 888.574 | AJ26: 91.3101 | AK26: 30.1458 | AL26: 12.561399 | AM26: 32.14356 | AN26: 32.14356 | AO26: 20pct_loss | AP26: TRUE | AQ26: 2.5589156 | AR26: 888.574 | AS26: 32.14356 | AT26: 2.5589156 | AU26: 24.011239 | AV26: 34.297178 | AW26: 1.91151 | AX26: 2.730363 | AY26: Within calibration ranges | AZ26: None | BA26: =IF(COUNT(BB26:BC26)=2,MAX(BB26:BC26),"Missing input") -> 0 | BB26: =IF(AND(ISNUMBER(H26),Metadata!$H$5>Metadata!$G$5),MAX(Metadata!$G$5-H26,0,H26-Metadata!$H$5)/(Metadata!$H$5-Metadata!$G$5),"Missing input") -> 0 | BC26: =IF(AND(ISNUMBER(L26),Metadata!$H$8>Metadata!$G$8),MAX(Metadata!$G$8-L26,0,L26-Metadata!$H$8)/(Metadata!$H$8-Metadata!$G$8),"Missing input") -> 0
A27: W-L_LHS06 | B27: W-L | C27: Web | D27: WSH6 | E27: run_FEmodel_webconf.py | F27: 6 | G27: 33.0865 | H27: 19.795806 | I27: 1.57 | J27: 1.5 | K27: 0.27 | L27: 0.18 | M27: 8 | N27: 250 | Q27: 0.26808257 | R27: 1918643.2 | S27: -0.0036480037 | T27: 915.03918 | U27: 601.77119 | V27: 202.4423 | W27: 2.9725566 | X27: Flexure-dominated | Z27: 568.487 | AA27: 95.1072 | AB27: 44.9102 | AC27: 12.966863 | AD27: 51.54605 | AE27: 51.54605 | AF27: 20pct_loss | AG27: TRUE | AH27: 3.9752135 | AI27: 565.763 | AJ27: 70.6177 | AK27: 39.3589 | AL27: 12.559725 | AM27: 51.893469 | AN27: 51.893469 | AO27: 20pct_loss | AP27: TRUE | AQ27: 4.131736 | AR27: 568.487 | AS27: 51.893469 | AT27: 4.131736 | AU27: 38.764421 | AV27: 55.370331 | AW27: 3.0864068 | AX27: 4.4085623 | AY27: Within calibration ranges | AZ27: None | BA27: =IF(COUNT(BB27:BC27)=2,MAX(BB27:BC27),"Missing input") -> 0 | BB27: =IF(AND(ISNUMBER(H27),Metadata!$H$5>Metadata!$G$5),MAX(Metadata!$G$5-H27,0,H27-Metadata!$H$5)/(Metadata!$H$5-Metadata!$G$5),"Missing input") -> 0 | BC27: =IF(AND(ISNUMBER(L27),Metadata!$H$8>Metadata!$G$8),MAX(Metadata!$G$8-L27,0,L27-Metadata!$H$8)/(Metadata!$H$8-Metadata!$G$8),"Missing input") -> 0
A28: W-L_LHS07 | B28: W-L | C28: Web | D28: WSH6 | E28: run_FEmodel_webconf.py | F28: 7 | G28: 42.943728 | H28: 31.604416 | I28: 1.57 | J28: 1.5 | K28: 0.27 | L28: 0.18 | M28: 8 | N28: 250 | Q28: 0.26808257 | R28: 4025355.6 | S28: -0.0042845926 | T28: 1767.1252 | U28: 641.68061 | V28: 390.9569 | W28: 1.6413078 | X28: Flexure-dominated | Z28: 835.905 | AA28: 95.1634 | AB28: 32.7721 | AC28: 13.301956 | AD28: 36.12219 | AE28: 36.12219 | AF28: 20pct_loss | AG28: TRUE | AH28: 2.7155547 | AI28: 834.643 | AJ28: 91.3101 | AK28: 32.2893 | AL28: 12.812615 | AM28: 35.771236 | AN28: 35.771236 | AO28: 20pct_loss | AP28: TRUE | AQ28: 2.7918764 | AR28: 835.905 | AS28: 36.12219 | AT28: 2.7918764 | AU28: 26.983276 | AV28: 38.542377 | AW28: 2.0855316 | AX28: 2.9789321 | AY28: Within calibration ranges | AZ28: None | BA28: =IF(COUNT(BB28:BC28)=2,MAX(BB28:BC28),"Missing input") -> 0 | BB28: =IF(AND(ISNUMBER(H28),Metadata!$H$5>Metadata!$G$5),MAX(Metadata!$G$5-H28,0,H28-Metadata!$H$5)/(Metadata!$H$5-Metadata!$G$5),"Missing input") -> 0 | BC28: =IF(AND(ISNUMBER(L28),Metadata!$H$8>Metadata!$G$8),MAX(Metadata!$G$8-L28,0,L28-Metadata!$H$8)/(Metadata!$H$8-Metadata!$G$8),"Missing input") -> 0
A29: W-L_LHS08 | B29: W-L | C29: Web | D29: WSH6 | E29: run_FEmodel_webconf.py | F29: 8 | G29: 29.155455 | H29: 7.3398505 | I29: 1.57 | J29: 1.5 | K29: 0.27 | L29: 0.18 | M29: 8 | N29: 250 | Q29: 0.26808257 | R29: 595711.37 | S29: -0.0023850338 | T29: 480.50832 | U29: 584.20899 | V29: 106.30715 | W29: 5.4954817 | X29: Flexure-dominated | Z29: 341.74 | AA29: 95.1634 | AB29: 74.7456 | AC29: 12.754423 | AE29: 95.1634 | AF29: delta_max_fallback | AG29: FALSE | AH29: 7.461208 | AI29: 341.574 | AJ29: 91.3101 | AK29: 73.7434 | AL29: 12.658306 | AN29: 91.3101 | AO29: delta_max_fallback | AP29: FALSE | AQ29: 7.2134536 | AR29: 341.74 | AS29: 95.1634 | AT29: 7.461208 | AU29: 71.08706 | AV29: 101.53935 | AW29: 5.5735224 | AX29: 7.9611089 | AY29: Within calibration ranges | AZ29: None | BA29: =IF(COUNT(BB29:BC29)=2,MAX(BB29:BC29),"Missing input") -> 0 | BB29: =IF(AND(ISNUMBER(H29),Metadata!$H$5>Metadata!$G$5),MAX(Metadata!$G$5-H29,0,H29-Metadata!$H$5)/(Metadata!$H$5-Metadata!$G$5),"Missing input") -> 0 | BC29: =IF(AND(ISNUMBER(L29),Metadata!$H$8>Metadata!$G$8),MAX(Metadata!$G$8-L29,0,L29-Metadata!$H$8)/(Metadata!$H$8-Metadata!$G$8),"Missing input") -> 0
A30: W-L_LHS09 | B30: W-L | C30: Web | D30: WSH6 | E30: run_FEmodel_webconf.py | F30: 9 | G30: 59.748609 | H30: 37.783512 | I30: 1.57 | J30: 1.5 | K30: 0.27 | L30: 0.18 | M30: 8 | N30: 250 | Q30: 0.26808257 | R30: 6726258.3 | S30: -0.0043519787 | T30: 2958.9793 | U30: 700.29854 | V30: 654.64145 | W30: 1.0697437 | X30: Shear-susceptible | Z30: 1130.99 | AA30: 95.1634 | AB30: 27.9868 | AC30: 13.481374 | AD30: 28.547638 | AE30: 28.547638 | AF30: 20pct_loss | AG30: TRUE | AH30: 2.1175614 | AI30: 1134.33 | AJ30: 91.3101 | AK30: 28.6454 | AL30: 12.758469 | AM30: 29.549725 | AN30: 29.549725 | AO30: 20pct_loss | AP30: TRUE | AQ30: 2.316087 | AR30: 1134.33 | AS30: 29.549725 | AT30: 2.316087 | AU30: NA | AV30: NA | AW30: NA | AX30: NA | AY30: Within calibration ranges | AZ30: None | BA30: =IF(COUNT(BB30:BC30)=2,MAX(BB30:BC30),"Missing input") -> 0 | BB30: =IF(AND(ISNUMBER(H30),Metadata!$H$5>Metadata!$G$5),MAX(Metadata!$G$5-H30,0,H30-Metadata!$H$5)/(Metadata!$H$5-Metadata!$G$5),"Missing input") -> 0 | BC30: =IF(AND(ISNUMBER(L30),Metadata!$H$8>Metadata!$G$8),MAX(Metadata!$G$8-L30,0,L30-Metadata!$H$8)/(Metadata!$H$8-Metadata!$G$8),"Missing input") -> 0
A31: W-L_LHS10 | B31: W-L | C31: Web | D31: WSH6 | E31: run_FEmodel_webconf.py | F31: 10 | G31: 34.746338 | H31: 23.741461 | I31: 1.57 | J31: 1.5 | K31: 0.27 | L31: 0.18 | M31: 8 | N31: 250 | Q31: 0.26808257 | R31: 2428507.8 | S31: -0.0039410675 | T31: 1111.2173 | U31: 608.87144 | V31: 245.84454 | W31: 2.4766522 | X31: Flexure-dominated | Z31: 638.136 | AA31: 95.1634 | AB31: 40.7266 | AC31: 13.095158 | AD31: 50.065211 | AE31: 50.065211 | AF31: 20pct_loss | AG31: TRUE | AH31: 3.8231849 | AI31: 637.891 | AJ31: 91.3101 | AK31: 39.3589 | AL31: 12.868038 | AM31: 49.828747 | AN31: 49.828747 | AO31: 20pct_loss | AP31: TRUE | AQ31: 3.872288 | AR31: 638.136 | AS31: 50.065211 | AT31: 3.872288 | AU31: 37.398713 | AV31: 53.41958 | AW31: 2.8925991 | AX31: 4.1317312 | AY31: Within calibration ranges | AZ31: None | BA31: =IF(COUNT(BB31:BC31)=2,MAX(BB31:BC31),"Missing input") -> 0 | BB31: =IF(AND(ISNUMBER(H31),Metadata!$H$5>Metadata!$G$5),MAX(Metadata!$G$5-H31,0,H31-Metadata!$H$5)/(Metadata!$H$5-Metadata!$G$5),"Missing input") -> 0 | BC31: =IF(AND(ISNUMBER(L31),Metadata!$H$8>Metadata!$G$8),MAX(Metadata!$G$8-L31,0,L31-Metadata!$H$8)/(Metadata!$H$8-Metadata!$G$8),"Missing input") -> 0
A32: W-L_LHS11 | B32: W-L | C32: Web | D32: WSH6 | E32: run_FEmodel_webconf.py | F32: 11 | G32: 24.502162 | H32: 33.048591 | I32: 1.57 | J32: 1.5 | K32: 0.27 | L32: 0.18 | M32: 8 | N32: 250 | Q32: 0.26808257 | R32: 2383007.1 | S32: -0.004314693 | T32: 1134.972 | U32: 561.80891 | V32: 251.1 | W32: 2.2373911 | X32: Flexure-dominated | Z32: 566.486 | AA32: 95.1634 | AB32: 32.0165 | AC32: 13.305208 | AD32: 35.924735 | AE32: 35.924735 | AF32: 20pct_loss | AG32: TRUE | AH32: 2.7000505 | AI32: 567.046 | AJ32: 91.3101 | AK32: 32.2893 | AL32: 12.835413 | AM32: 35.823811 | AN32: 35.823811 | AO32: 20pct_loss | AP32: TRUE | AQ32: 2.7910134 | AR32: 567.046 | AS32: 35.924735 | AT32: 2.7910134 | AU32: 26.835777 | AV32: 38.331692 | AW32: 2.084887 | AX32: 2.9780113 | AY32: Within calibration ranges | AZ32: None | BA32: =IF(COUNT(BB32:BC32)=2,MAX(BB32:BC32),"Missing input") -> 0 | BB32: =IF(AND(ISNUMBER(H32),Metadata!$H$5>Metadata!$G$5),MAX(Metadata!$G$5-H32,0,H32-Metadata!$H$5)/(Metadata!$H$5-Metadata!$G$5),"Missing input") -> 0 | BC32: =IF(AND(ISNUMBER(L32),Metadata!$H$8>Metadata!$G$8),MAX(Metadata!$G$8-L32,0,L32-Metadata!$H$8)/(Metadata!$H$8-Metadata!$G$8),"Missing input") -> 0
A33: W-L_LHS12 | B33: W-L | C33: Web | D33: WSH6 | E33: run_FEmodel_webconf.py | F33: 12 | G33: 56.241154 | H33: 14.787645 | I33: 1.57 | J33: 1.5 | K33: 0.27 | L33: 0.18 | M33: 8 | N33: 250 | Q33: 0.26808257 | R33: 2448743.9 | S33: -0.0031774352 | T33: 1060.8343 | U33: 688.82421 | V33: 234.69786 | W33: 2.9349404 | X33: Flexure-dominated | Z33: 707.721 | AA33: 94.8769 | AB33: 51.2964 | AC33: 12.18892 | AD33: 75.833752 | AE33: 75.833752 | AF33: 20pct_loss | AG33: TRUE | AH33: 6.2215319 | AI33: 706.506 | AJ33: 76.3341 | AK33: 51.7576 | AL33: 11.957883 | AM33: 64.853943 | AN33: 64.853943 | AO33: 20pct_loss | AP33: TRUE | AQ33: 5.4235305 | AR33: 707.721 | AS33: 75.833752 | AT33: 6.2215319 | AU33: 56.647813 | AV33: 80.914614 | AW33: 4.6474844 | AX33: 6.6383746 | AY33: Within calibration ranges | AZ33: None | BA33: =IF(COUNT(BB33:BC33)=2,MAX(BB33:BC33),"Missing input") -> 0 | BB33: =IF(AND(ISNUMBER(H33),Metadata!$H$5>Metadata!$G$5),MAX(Metadata!$G$5-H33,0,H33-Metadata!$H$5)/(Metadata!$H$5-Metadata!$G$5),"Missing input") -> 0 | BC33: =IF(AND(ISNUMBER(L33),Metadata!$H$8>Metadata!$G$8),MAX(Metadata!$G$8-L33,0,L33-Metadata!$H$8)/(Metadata!$H$8-Metadata!$G$8),"Missing input") -> 0
A34: W-L_LHS13 | B34: W-L | C34: Web | D34: WSH6 | E34: run_FEmodel_webconf.py | F34: 13 | G34: 49.119901 | H34: 22.549335 | I34: 1.57 | J34: 1.5 | K34: 0.27 | L34: 0.18 | M34: 8 | N34: 250 | Q34: 0.26808257 | R34: 3276584.6 | S34: -0.0038608405 | T34: 1412.9688 | U34: 664.36963 | V34: 312.60372 | W34: 2.1252774 | X34: Flexure-dominated | Z34: 803.847 | AA34: 95.1634 | AB34: 41.9219 | AC34: 13.041525 | AD34: 51.372679 | AE34: 51.372679 | AF34: 20pct_loss | AG34: TRUE | AH34: 3.9391618 | AI34: 801.81 | AJ34: 91.3101 | AK34: 39.3589 | AL34: 12.82383 | AM34: 51.508917 | AN34: 51.508917 | AO34: 20pct_loss | AP34: TRUE | AQ34: 4.0166562 | AR34: 803.847 | AS34: 51.508917 | AT34: 4.0166562 | AU34: 38.477161 | AV34: 54.960014 | AW34: 3.0004422 | AX34: 4.2857722 | AY34: Within calibration ranges | AZ34: None | BA34: =IF(COUNT(BB34:BC34)=2,MAX(BB34:BC34),"Missing input") -> 0 | BB34: =IF(AND(ISNUMBER(H34),Metadata!$H$5>Metadata!$G$5),MAX(Metadata!$G$5-H34,0,H34-Metadata!$H$5)/(Metadata!$H$5-Metadata!$G$5),"Missing input") -> 0 | BC34: =IF(AND(ISNUMBER(L34),Metadata!$H$8>Metadata!$G$8),MAX(Metadata!$G$8-L34,0,L34-Metadata!$H$8)/(Metadata!$H$8-Metadata!$G$8),"Missing input") -> 0
A35: W-L_LHS14 | B35: W-L | C35: Web | D35: WSH6 | E35: run_FEmodel_webconf.py | F35: 14 | G35: 37.958866 | H35: 9.8264864 | I35: 1.57 | J35: 1.5 | K35: 0.27 | L35: 0.18 | M35: 8 | N35: 250 | Q35: 0.26808257 | R35: 1072728.2 | S35: -0.0026506531 | T35: 610.81355 | U35: 622.14739 | V35: 135.13574 | W35: 4.6038701 | X35: Flexure-dominated | Z35: 436.247 | AA35: 95.0195 | AB35: 37.8091 | AC35: 11.969573 | AD35: 37.855573 | AE35: 37.855573 | AF35: 20pct_loss | AG35: TRUE | AH35: 3.1626501 | AI35: 435.011 | AJ35: 90.8485 | AK35: 32.2893 | AL35: 11.574958 | AN35: 90.8485 | AO35: delta_max_fallback | AP35: FALSE | AQ35: 7.8487109 | AR35: 436.247 | AS35: 90.8485 | AT35: 7.8487109 | AU35: 67.863829 | AV35: 96.93535 | AW35: 5.8629871 | AX35: 8.3745746 | AY35: Within calibration ranges | AZ35: None | BA35: =IF(COUNT(BB35:BC35)=2,MAX(BB35:BC35),"Missing input") -> 0 | BB35: =IF(AND(ISNUMBER(H35),Metadata!$H$5>Metadata!$G$5),MAX(Metadata!$G$5-H35,0,H35-Metadata!$H$5)/(Metadata!$H$5-Metadata!$G$5),"Missing input") -> 0 | BC35: =IF(AND(ISNUMBER(L35),Metadata!$H$8>Metadata!$G$8),MAX(Metadata!$G$8-L35,0,L35-Metadata!$H$8)/(Metadata!$H$8-Metadata!$G$8),"Missing input") -> 0
A36: W-L_LHS15 | B36: W-L | C36: Web | D36: WSH6 | E36: run_FEmodel_webconf.py | F36: 15 | G36: 27.308053 | H36: 5.2772179 | I36: 1.57 | J36: 1.5 | K36: 0.27 | L36: 0.18 | M36: 8 | N36: 250 | Q36: 0.26808257 | R36: 386052.96 | S36: -0.0021721759 | T36: 428.52672 | U36: 575.54673 | V36: 94.806797 | W36: 6.0707328 | X36: Flexure-dominated | Z36: 298.671 | AA36: 95.1634 | AB36: 77.8502 | AC36: 13.251328 | AE36: 95.1634 | AF36: delta_max_fallback | AG36: FALSE | AH36: 7.1814236 | AI36: 299.018 | AJ36: 91.3101 | AK36: 78.4318 | AL36: 13.107878 | AN36: 91.3101 | AO36: delta_max_fallback | AP36: FALSE | AQ36: 6.9660473 | AR36: 299.018 | AS36: 95.1634 | AT36: 7.1814236 | AU36: 71.08706 | AV36: 101.53935 | AW36: 5.3645234 | AX36: 7.6625789 | AY36: Within calibration ranges | AZ36: None | BA36: =IF(COUNT(BB36:BC36)=2,MAX(BB36:BC36),"Missing input") -> 0 | BB36: =IF(AND(ISNUMBER(H36),Metadata!$H$5>Metadata!$G$5),MAX(Metadata!$G$5-H36,0,H36-Metadata!$H$5)/(Metadata!$H$5-Metadata!$G$5),"Missing input") -> 0 | BC36: =IF(AND(ISNUMBER(L36),Metadata!$H$8>Metadata!$G$8),MAX(Metadata!$G$8-L36,0,L36-Metadata!$H$8)/(Metadata!$H$8-Metadata!$G$8),"Missing input") -> 0
A37: W-L_LHS16 | B37: W-L | C37: Web | D37: WSH6 | E37: run_FEmodel_webconf.py | F37: 16 | G37: 31.125212 | H37: 39.506907 | I37: 1.57 | J37: 1.5 | K37: 0.27 | L37: 0.18 | M37: 8 | N37: 250 | Q37: 0.26808257 | R37: 3642703.9 | S37: -0.0043445279 | T37: 1657.5347 | U37: 593.14775 | V37: 366.71121 | W37: 1.6174792 | X37: Flexure-dominated | Z37: 684.667 | AA37: 95.1634 | AB37: 26.7276 | AC37: 12.301209 | AD37: 28.341466 | AE37: 28.341466 | AF37: 20pct_loss | AG37: TRUE | AH37: 2.3039577 | AI37: 691.426 | AJ37: 91.3101 | AK37: 27.5737 | AL37: 11.791819 | AM37: 29.377596 | AN37: 29.377596 | AO37: 20pct_loss | AP37: TRUE | AQ37: 2.4913542 | AR37: 691.426 | AS37: 29.377596 | AT37: 2.4913542 | AU37: 21.945064 | AV37: 31.345895 | AW37: 1.8610416 | AX37: 2.6582749 | AY37: Within calibration ranges | AZ37: None | BA37: =IF(COUNT(BB37:BC37)=2,MAX(BB37:BC37),"Missing input") -> 0 | BB37: =IF(AND(ISNUMBER(H37),Metadata!$H$5>Metadata!$G$5),MAX(Metadata!$G$5-H37,0,H37-Metadata!$H$5)/(Metadata!$H$5-Metadata!$G$5),"Missing input") -> 0 | BC37: =IF(AND(ISNUMBER(L37),Metadata!$H$8>Metadata!$G$8),MAX(Metadata!$G$8-L37,0,L37-Metadata!$H$8)/(Metadata!$H$8-Metadata!$G$8),"Missing input") -> 0
A38: W-L_LHS17 | B38: W-L | C38: Web | D38: WSH6 | E38: run_FEmodel_webconf.py | F38: 17 | G38: 46.390186 | H38: 16.213875 | I38: 1.57 | J38: 1.5 | K38: 0.27 | L38: 0.18 | M38: 8 | N38: 250 | Q38: 0.26808257 | R38: 2210215.4 | S38: -0.0033204448 | T38: 992.19235 | U38: 654.52878 | V38: 219.51158 | W38: 2.9817505 | X38: Flexure-dominated | Z38: 648.916 | AA38: 95.1634 | AB38: 51.2964 | AC38: 12.432101 | AD38: 72.785655 | AE38: 72.785655 | AF38: 20pct_loss | AG38: TRUE | AH38: 5.8546544 | AI38: 647.533 | AJ38: 91.3101 | AK38: 51.7576 | AL38: 12.144708 | AM38: 72.817379 | AN38: 72.817379 | AO38: 20pct_loss | AP38: TRUE | AQ38: 5.9958113 | AR38: 648.916 | AS38: 72.817379 | AT38: 5.9958113 | AU38: 54.394582 | AV38: 77.696143 | AW38: 4.4788711 | AX38: 6.3975307 | AY38: Within calibration ranges | AZ38: None | BA38: =IF(COUNT(BB38:BC38)=2,MAX(BB38:BC38),"Missing input") -> 0 | BB38: =IF(AND(ISNUMBER(H38),Metadata!$H$5>Metadata!$G$5),MAX(Metadata!$G$5-H38,0,H38-Metadata!$H$5)/(Metadata!$H$5-Metadata!$G$5),"Missing input") -> 0 | BC38: =IF(AND(ISNUMBER(L38),Metadata!$H$8>Metadata!$G$8),MAX(Metadata!$G$8-L38,0,L38-Metadata!$H$8)/(Metadata!$H$8-Metadata!$G$8),"Missing input") -> 0
A39: W-L_LHS18 | B39: W-L | C39: Web | D39: WSH6 | E39: run_FEmodel_webconf.py | F39: 18 | G39: 54.165408 | H39: 18.252758 | I39: 1.57 | J39: 1.5 | K39: 0.27 | L39: 0.18 | M39: 8 | N39: 250 | Q39: 0.26808257 | R39: 2919725.6 | S39: -0.0035132056 | T39: 1250.2446 | U39: 681.8645 | V39: 276.60279 | W39: 2.4651396 | X39: Flexure-dominated | Z39: 774.875 | AA39: 95.1634 | AB39: 47.8824 | AC39: 12.59825 | AD39: 64.237766 | AE39: 64.237766 | AF39: 20pct_loss | AG39: TRUE | AH39: 5.0989434 | AI39: 773.165 | AJ39: 91.3101 | AK39: 47.9789 | AL39: 12.435475 | AM39: 64.04498 | AN39: 64.04498 | AO39: 20pct_loss | AP39: TRUE | AQ39: 5.1501835 | AR39: 774.875 | AS39: 64.237766 | AT39: 5.1501835 | AU39: 47.985611 | AV39: 68.541696 | AW39: 3.8471871 | AX39: 5.4952458 | AY39: Within calibration ranges | AZ39: None | BA39: =IF(COUNT(BB39:BC39)=2,MAX(BB39:BC39),"Missing input") -> 0 | BB39: =IF(AND(ISNUMBER(H39),Metadata!$H$5>Metadata!$G$5),MAX(Metadata!$G$5-H39,0,H39-Metadata!$H$5)/(Metadata!$H$5-Metadata!$G$5),"Missing input") -> 0 | BC39: =IF(AND(ISNUMBER(L39),Metadata!$H$8>Metadata!$G$8),MAX(Metadata!$G$8-L39,0,L39-Metadata!$H$8)/(Metadata!$H$8-Metadata!$G$8),"Missing input") -> 0
A40: W-L_LHS19 | B40: W-L | C40: Web | D40: WSH6 | E40: run_FEmodel_webconf.py | F40: 19 | G40: 21.707483 | H40: 43.497365 | I40: 1.57 | J40: 1.5 | K40: 0.27 | L40: 0.18 | M40: 8 | N40: 250 | Q40: 0.26808257 | R40: 2786376.3 | S40: -0.0042897021 | T40: 1327.8442 | U40: 547.31919 | V40: 293.77084 | W40: 1.8630821 | X40: Flexure-dominated | Z40: 545.442 | AA40: 81.7498 | AB40: 25.7987 | AC40: 12.370704 | AD40: 25.861095 | AE40: 25.861095 | AF40: 20pct_loss | AG40: TRUE | AH40: 2.0905111 | AI40: 546.695 | AJ40: 90.8598 | AK40: 26.2876 | AL40: 11.460515 | AM40: 27.901601 | AN40: 27.901601 | AO40: 20pct_loss | AP40: TRUE | AQ40: 2.4345853 | AR40: 546.695 | AS40: 27.901601 | AT40: 2.4345853 | AU40: 20.842496 | AV40: 29.771009 | AW40: 1.8186352 | AX40: 2.5977025 | AY40: Outside calibration ranges | AZ40: ALR | BA40: =IF(COUNT(BB40:BC40)=2,MAX(BB40:BC40),"Missing input") -> 0.094596678 | BB40: =IF(AND(ISNUMBER(H40),Metadata!$H$5>Metadata!$G$5),MAX(Metadata!$G$5-H40,0,H40-Metadata!$H$5)/(Metadata!$H$5-Metadata!$G$5),"Missing input") -> 0.094596678 | BC40: =IF(AND(ISNUMBER(L40),Metadata!$H$8>Metadata!$G$8),MAX(Metadata!$G$8-L40,0,L40-Metadata!$H$8)/(Metadata!$H$8-Metadata!$G$8),"Missing input") -> 0
A41: W-L_LHS20 | B41: W-L | C41: Web | D41: WSH6 | E41: run_FEmodel_webconf.py | F41: 20 | G41: 53.035991 | H41: 30.346543 | I41: 1.57 | J41: 1.5 | K41: 0.27 | L41: 0.18 | M41: 8 | N41: 250 | Q41: 0.26808257 | R41: 4782098.3 | S41: -0.0042505411 | T41: 2064.3921 | U41: 678.02163 | V41: 456.72392 | W41: 1.4845328 | X41: Flexure-dominated | Z41: 972.078 | AA41: 95.1634 | AB41: 33.7795 | AC41: 13.558939 | AD41: 37.371072 | AE41: 37.371072 | AF41: 20pct_loss | AG41: TRUE | AH41: 2.7561944 | AI41: 967.715 | AJ41: 91.3101 | AK41: 32.2893 | AL41: 13.078966 | AM41: 36.81338 | AN41: 36.81338 | AO41: 20pct_loss | AP41: TRUE | AQ41: 2.8147011 | AR41: 972.078 | AS41: 37.371072 | AT41: 2.8147011 | AU41: 27.916191 | AV41: 39.874934 | AW41: 2.1025818 | AX41: 3.0032861 | AY41: Within calibration ranges | AZ41: None | BA41: =IF(COUNT(BB41:BC41)=2,MAX(BB41:BC41),"Missing input") -> 0 | BB41: =IF(AND(ISNUMBER(H41),Metadata!$H$5>Metadata!$G$5),MAX(Metadata!$G$5-H41,0,H41-Metadata!$H$5)/(Metadata!$H$5-Metadata!$G$5),"Missing input") -> 0 | BC41: =IF(AND(ISNUMBER(L41),Metadata!$H$8>Metadata!$G$8),MAX(Metadata!$G$8-L41,0,L41-Metadata!$H$8)/(Metadata!$H$8-Metadata!$G$8),"Missing input") -> 0
A42: W-VL_LHS01 | B42: W-VL | C42: Web | D42: WSH6 | E42: run_FEmodel_webconf.py | F42: 1 | G42: 22.11414 | H42: 28.832066 | I42: 1.57 | J42: 1.5 | K42: 0.2 | L42: 0.12 | M42: 6 | N42: 190 | Q42: 0.19841638 | R42: 1866510.3 | S42: -0.004057004 | T42: 931.9314 | U42: 444.4174 | V42: 206.17951 | W42: 2.1554877 | X42: Flexure-dominated | Z42: 508.808 | AA42: 95.1634 | AB42: 35.7943 | AC42: 13.576316 | AD42: 41.508771 | AE42: 41.508771 | AF42: 20pct_loss | AG42: TRUE | AH42: 3.0574399 | AI42: 504.812 | AJ42: 91.3101 | AK42: 32.2893 | AL42: 13.001242 | AM42: 41.956707 | AN42: 41.956707 | AO42: 20pct_loss | AP42: TRUE | AQ42: 3.2271307 | AR42: 508.808 | AS42: 41.956707 | AT42: 3.2271307 | AU42: 31.34166 | AV42: 44.767806 | AW42: 2.4106666 | AX42: 3.4433484 | AY42: Within calibration ranges | AZ42: None | BA42: =IF(COUNT(BB42:BC42)=2,MAX(BB42:BC42),"Missing input") -> 0 | BB42: =IF(AND(ISNUMBER(H42),Metadata!$H$5>Metadata!$G$5),MAX(Metadata!$G$5-H42,0,H42-Metadata!$H$5)/(Metadata!$H$5-Metadata!$G$5),"Missing input") -> 0 | BC42: =IF(AND(ISNUMBER(L42),Metadata!$H$8>Metadata!$G$8),MAX(Metadata!$G$8-L42,0,L42-Metadata!$H$8)/(Metadata!$H$8-Metadata!$G$8),"Missing input") -> 0
A43: W-VL_LHS02 | B43: W-VL | C43: Web | D43: WSH6 | E43: run_FEmodel_webconf.py | F43: 2 | G43: 39.289373 | H43: 11.435997 | I43: 1.57 | J43: 1.5 | K43: 0.2 | L43: 0.12 | M43: 6 | N43: 190 | Q43: 0.19841638 | R43: 1301660.8 | S43: -0.0027693819 | T43: 682.24592 | U43: 522.41463 | V43: 150.93936 | W43: 3.4610894 | X43: Flexure-dominated | Z43: 482.577 | AA43: 95.1634 | AB43: 61.9869 | AC43: 12.18729 | AD43: 94.620604 | AE43: 94.620604 | AF43: 20pct_loss | AG43: TRUE | AH43: 7.7638753 | AI43: 481.697 | AJ43: 91.3101 | AK43: 61.3726 | AL43: 11.710104 | AN43: 91.3101 | AO43: delta_max_fallback | AP43: FALSE | AQ43: 7.7975481 | AR43: 482.577 | AS43: 94.620604 | AT43: 7.7975481 | AU43: 70.681591 | AV43: 100.96018 | AW43: 5.8247685 | AX43: 8.3199839 | AY43: Within calibration ranges | AZ43: None | BA43: =IF(COUNT(BB43:BC43)=2,MAX(BB43:BC43),"Missing input") -> 0 | BB43: =IF(AND(ISNUMBER(H43),Metadata!$H$5>Metadata!$G$5),MAX(Metadata!$G$5-H43,0,H43-Metadata!$H$5)/(Metadata!$H$5-Metadata!$G$5),"Missing input") -> 0 | BC43: =IF(AND(ISNUMBER(L43),Metadata!$H$8>Metadata!$G$8),MAX(Metadata!$G$8-L43,0,L43-Metadata!$H$8)/(Metadata!$H$8-Metadata!$G$8),"Missing input") -> 0
A44: W-VL_LHS03 | B44: W-VL | C44: Web | D44: WSH6 | E44: run_FEmodel_webconf.py | F44: 3 | G44: 50.720967 | H44: 41.572102 | I44: 1.57 | J44: 1.5 | K44: 0.2 | L44: 0.12 | M44: 6 | N44: 190 | Q44: 0.19841638 | R44: 6279453 | S44: -0.0041470892 | T44: 2795.5189 | U44: 564.94871 | V44: 618.47764 | W44: 0.91345051 | X44: Shear-susceptible | Z44: 1000.47 | AA44: 95.1634 | AB44: 25.7987 | AC44: 12.6486 | AD44: 25.888907 | AE44: 25.888907 | AF44: 20pct_loss | AG44: TRUE | AH44: 2.0467804 | AI44: 1003.18 | AJ44: 91.3101 | AK44: 25.8589 | AL44: 11.635798 | AM44: 26.338272 | AN44: 26.338272 | AO44: 20pct_loss | AP44: TRUE | AQ44: 2.2635552 | AR44: 1003.18 | AS44: 26.338272 | AT44: 2.2635552 | AU44: NA | AV44: NA | AW44: NA | AX44: NA | AY44: Outside calibration ranges | AZ44: ALR | BA44: =IF(COUNT(BB44:BC44)=2,MAX(BB44:BC44),"Missing input") -> 0.046063612 | BB44: =IF(AND(ISNUMBER(H44),Metadata!$H$5>Metadata!$G$5),MAX(Metadata!$G$5-H44,0,H44-Metadata!$H$5)/(Metadata!$H$5-Metadata!$G$5),"Missing input") -> 0.046063612 | BC44: =IF(AND(ISNUMBER(L44),Metadata!$H$8>Metadata!$G$8),MAX(Metadata!$G$8-L44,0,L44-Metadata!$H$8)/(Metadata!$H$8-Metadata!$G$8),"Missing input") -> 0
A45: W-VL_LHS04 | B45: W-VL | C45: Web | D45: WSH6 | E45: run_FEmodel_webconf.py | F45: 4 | G45: 40.065365 | H45: 25.230644 | I45: 1.57 | J45: 1.5 | K45: 0.2 | L45: 0.12 | M45: 6 | N45: 190 | Q45: 0.19841638 | R45: 2986346.2 | S45: -0.0039039604 | T45: 1323.2635 | U45: 525.48345 | V45: 292.75741 | W45: 1.794945 | X45: Flexure-dominated | Z45: 726.464 | AA45: 95.1634 | AB45: 37.8091 | AC45: 13.097178 | AD45: 44.991043 | AE45: 44.991043 | AF45: 20pct_loss | AG45: TRUE | AH45: 3.4351707 | AI45: 725.422 | AJ45: 91.3101 | AK45: 38.3126 | AL45: 12.829716 | AM45: 44.989843 | AN45: 44.989843 | AO45: 20pct_loss | AP45: TRUE | AQ45: 3.5066904 | AR45: 726.464 | AS45: 44.991043 | AT45: 3.5066904 | AU45: 33.608309 | AV45: 48.005443 | AW45: 2.6194978 | AX45: 3.7416387 | AY45: Within calibration ranges | AZ45: None | BA45: =IF(COUNT(BB45:BC45)=2,MAX(BB45:BC45),"Missing input") -> 0 | BB45: =IF(AND(ISNUMBER(H45),Metadata!$H$5>Metadata!$G$5),MAX(Metadata!$G$5-H45,0,H45-Metadata!$H$5)/(Metadata!$H$5-Metadata!$G$5),"Missing input") -> 0 | BC45: =IF(AND(ISNUMBER(L45),Metadata!$H$8>Metadata!$G$8),MAX(Metadata!$G$8-L45,0,L45-Metadata!$H$8)/(Metadata!$H$8-Metadata!$G$8),"Missing input") -> 0
A46: W-VL_LHS05 | B46: W-VL | C46: Web | D46: WSH6 | E46: run_FEmodel_webconf.py | F46: 5 | G46: 44.69165 | H46: 35.27886 | I46: 1.57 | J46: 1.5 | K46: 0.2 | L46: 0.12 | M46: 6 | N46: 190 | Q46: 0.19841638 | R46: 4683732.7 | S46: -0.0041797856 | T46: 2061.9786 | U46: 543.19277 | V46: 456.18996 | W46: 1.1907162 | X46: Flexure-dominated | Z46: 882.284 | AA46: 95.1634 | AB46: 28.7424 | AC46: 12.918778 | AD46: 30.324309 | AE46: 30.324309 | AF46: 20pct_loss | AG46: TRUE | AH46: 2.3473048 | AI46: 886.541 | AJ46: 91.3101 | AK46: 29.7171 | AL46: 12.435395 | AM46: 31.492359 | AN46: 31.492359 | AO46: 20pct_loss | AP46: TRUE | AQ46: 2.5324777 | AR46: 886.541 | AS46: 31.492359 | AT46: 2.5324777 | AU46: 23.524792 | AV46: 33.602347 | AW46: 1.8917608 | AX46: 2.7021537 | AY46: Within calibration ranges | AZ46: None | BA46: =IF(COUNT(BB46:BC46)=2,MAX(BB46:BC46),"Missing input") -> 0 | BB46: =IF(AND(ISNUMBER(H46),Metadata!$H$5>Metadata!$G$5),MAX(Metadata!$G$5-H46,0,H46-Metadata!$H$5)/(Metadata!$H$5-Metadata!$G$5),"Missing input") -> 0 | BC46: =IF(AND(ISNUMBER(L46),Metadata!$H$8>Metadata!$G$8),MAX(Metadata!$G$8-L46,0,L46-Metadata!$H$8)/(Metadata!$H$8-Metadata!$G$8),"Missing input") -> 0
A47: W-VL_LHS06 | B47: W-VL | C47: Web | D47: WSH6 | E47: run_FEmodel_webconf.py | F47: 6 | G47: 33.0865 | H47: 19.795806 | I47: 1.57 | J47: 1.5 | K47: 0.2 | L47: 0.12 | M47: 6 | N47: 190 | Q47: 0.19841638 | R47: 1918643.2 | S47: -0.0035485329 | T47: 915.03918 | U47: 496.70527 | V47: 202.4423 | W47: 2.4535647 | X47: Flexure-dominated | Z47: 567.077 | AA47: 95.1165 | AB47: 44.9102 | AC47: 12.885315 | AD47: 61.617139 | AE47: 61.617139 | AF47: 20pct_loss | AG47: TRUE | AH47: 4.781966 | AI47: 564.545 | AJ47: 66.4971 | AK47: 39.3589 | AL47: 12.493264 | AM47: 51.796261 | AN47: 51.796261 | AO47: 20pct_loss | AP47: TRUE | AQ47: 4.1459349 | AR47: 567.077 | AS47: 61.617139 | AT47: 4.781966 | AU47: 46.028003 | AV47: 65.745487 | AW47: 3.5721286 | AX47: 5.1023577 | AY47: Within calibration ranges | AZ47: None | BA47: =IF(COUNT(BB47:BC47)=2,MAX(BB47:BC47),"Missing input") -> 0 | BB47: =IF(AND(ISNUMBER(H47),Metadata!$H$5>Metadata!$G$5),MAX(Metadata!$G$5-H47,0,H47-Metadata!$H$5)/(Metadata!$H$5-Metadata!$G$5),"Missing input") -> 0 | BC47: =IF(AND(ISNUMBER(L47),Metadata!$H$8>Metadata!$G$8),MAX(Metadata!$G$8-L47,0,L47-Metadata!$H$8)/(Metadata!$H$8-Metadata!$G$8),"Missing input") -> 0
A48: W-VL_LHS07 | B48: W-VL | C48: Web | D48: WSH6 | E48: run_FEmodel_webconf.py | F48: 7 | G48: 42.943728 | H48: 31.604416 | I48: 1.57 | J48: 1.5 | K48: 0.2 | L48: 0.12 | M48: 6 | N48: 190 | Q48: 0.19841638 | R48: 4025355.6 | S48: -0.004131956 | T48: 1767.1252 | U48: 536.61469 | V48: 390.9569 | W48: 1.3725674 | X48: Flexure-dominated | Z48: 833.618 | AA48: 95.1634 | AB48: 32.0165 | AC48: 13.153956 | AD48: 35.114556 | AE48: 35.114556 | AF48: 20pct_loss | AG48: TRUE | AH48: 2.6695053 | AI48: 834.16 | AJ48: 91.3101 | AK48: 32.2893 | AL48: 12.731982 | AM48: 34.982232 | AN48: 34.982232 | AO48: 20pct_loss | AP48: TRUE | AQ48: 2.7475873 | AR48: 834.16 | AS48: 35.114556 | AT48: 2.7475873 | AU48: 26.230573 | AV48: 37.467231 | AW48: 2.0524477 | AX48: 2.9316757 | AY48: Within calibration ranges | AZ48: None | BA48: =IF(COUNT(BB48:BC48)=2,MAX(BB48:BC48),"Missing input") -> 0 | BB48: =IF(AND(ISNUMBER(H48),Metadata!$H$5>Metadata!$G$5),MAX(Metadata!$G$5-H48,0,H48-Metadata!$H$5)/(Metadata!$H$5-Metadata!$G$5),"Missing input") -> 0 | BC48: =IF(AND(ISNUMBER(L48),Metadata!$H$8>Metadata!$G$8),MAX(Metadata!$G$8-L48,0,L48-Metadata!$H$8)/(Metadata!$H$8-Metadata!$G$8),"Missing input") -> 0
A49: W-VL_LHS08 | B49: W-VL | C49: Web | D49: WSH6 | E49: run_FEmodel_webconf.py | F49: 8 | G49: 29.155455 | H49: 7.3398505 | I49: 1.57 | J49: 1.5 | K49: 0.2 | L49: 0.12 | M49: 6 | N49: 190 | Q49: 0.19841638 | R49: 595711.37 | S49: -0.0023500012 | T49: 480.50832 | U49: 479.14307 | V49: 106.30715 | W49: 4.5071575 | X49: Flexure-dominated | Z49: 340.383 | AA49: 95.1634 | AB49: 74.2281 | AC49: 12.703641 | AE49: 95.1634 | AF49: delta_max_fallback | AG49: FALSE | AH49: 7.4910337 | AI49: 340.173 | AJ49: 91.3101 | AK49: 73.7434 | AL49: 12.614854 | AN49: 91.3101 | AO49: delta_max_fallback | AP49: FALSE | AQ49: 7.2383002 | AR49: 340.383 | AS49: 95.1634 | AT49: 7.4910337 | AU49: 71.08706 | AV49: 101.53935 | AW49: 5.5958022 | AX49: 7.992933 | AY49: Within calibration ranges | AZ49: None | BA49: =IF(COUNT(BB49:BC49)=2,MAX(BB49:BC49),"Missing input") -> 0 | BB49: =IF(AND(ISNUMBER(H49),Metadata!$H$5>Metadata!$G$5),MAX(Metadata!$G$5-H49,0,H49-Metadata!$H$5)/(Metadata!$H$5-Metadata!$G$5),"Missing input") -> 0 | BC49: =IF(AND(ISNUMBER(L49),Metadata!$H$8>Metadata!$G$8),MAX(Metadata!$G$8-L49,0,L49-Metadata!$H$8)/(Metadata!$H$8-Metadata!$G$8),"Missing input") -> 0
A50: W-VL_LHS09 | B50: W-VL | C50: Web | D50: WSH6 | E50: run_FEmodel_webconf.py | F50: 9 | G50: 59.748609 | H50: 37.783512 | I50: 1.57 | J50: 1.5 | K50: 0.2 | L50: 0.12 | M50: 6 | N50: 190 | Q50: 0.19841638 | R50: 6726258.3 | S50: -0.0041826103 | T50: 2958.9793 | U50: 595.23262 | V50: 654.64145 | W50: 0.90924982 | X50: Shear-susceptible | Z50: 1127.76 | AA50: 95.1634 | AB50: 27.4831 | AC50: 13.332205 | AD50: 28.034484 | AE50: 28.034484 | AF50: 20pct_loss | AG50: TRUE | AH50: 2.1027643 | AI50: 1130.65 | AJ50: 91.3101 | AK50: 28.0024 | AL50: 12.635775 | AM50: 28.903375 | AN50: 28.903375 | AO50: 20pct_loss | AP50: TRUE | AQ50: 2.2874241 | AR50: 1130.65 | AS50: 28.903375 | AT50: 2.2874241 | AU50: NA | AV50: NA | AW50: NA | AX50: NA | AY50: Within calibration ranges | AZ50: None | BA50: =IF(COUNT(BB50:BC50)=2,MAX(BB50:BC50),"Missing input") -> 0 | BB50: =IF(AND(ISNUMBER(H50),Metadata!$H$5>Metadata!$G$5),MAX(Metadata!$G$5-H50,0,H50-Metadata!$H$5)/(Metadata!$H$5-Metadata!$G$5),"Missing input") -> 0 | BC50: =IF(AND(ISNUMBER(L50),Metadata!$H$8>Metadata!$G$8),MAX(Metadata!$G$8-L50,0,L50-Metadata!$H$8)/(Metadata!$H$8-Metadata!$G$8),"Missing input") -> 0
A51: W-VL_LHS10 | B51: W-VL | C51: Web | D51: WSH6 | E51: run_FEmodel_webconf.py | F51: 10 | G51: 34.746338 | H51: 23.741461 | I51: 1.57 | J51: 1.5 | K51: 0.2 | L51: 0.12 | M51: 6 | N51: 190 | Q51: 0.19841638 | R51: 2428507.8 | S51: -0.0038213681 | T51: 1111.2173 | U51: 503.80551 | V51: 245.84454 | W51: 2.0492849 | X51: Flexure-dominated | Z51: 637.264 | AA51: 95.1634 | AB51: 37.8091 | AC51: 13.024006 | AD51: 49.033677 | AE51: 49.033677 | AF51: 20pct_loss | AG51: TRUE | AH51: 3.7648691 | AI51: 636.973 | AJ51: 91.3101 | AK51: 39.3589 | AL51: 12.79942 | AM51: 49.131028 | AN51: 49.131028 | AO51: 20pct_loss | AP51: TRUE | AQ51: 3.8385355 | AR51: 637.264 | AS51: 49.131028 | AT51: 3.8385355 | AU51: 36.700878 | AV51: 52.422806 | AW51: 2.867386 | AX51: 4.0957174 | AY51: Within calibration ranges | AZ51: None | BA51: =IF(COUNT(BB51:BC51)=2,MAX(BB51:BC51),"Missing input") -> 0 | BB51: =IF(AND(ISNUMBER(H51),Metadata!$H$5>Metadata!$G$5),MAX(Metadata!$G$5-H51,0,H51-Metadata!$H$5)/(Metadata!$H$5-Metadata!$G$5),"Missing input") -> 0 | BC51: =IF(AND(ISNUMBER(L51),Metadata!$H$8>Metadata!$G$8),MAX(Metadata!$G$8-L51,0,L51-Metadata!$H$8)/(Metadata!$H$8-Metadata!$G$8),"Missing input") -> 0
A52: W-VL_LHS11 | B52: W-VL | C52: Web | D52: WSH6 | E52: run_FEmodel_webconf.py | F52: 11 | G52: 24.502162 | H52: 33.048591 | I52: 1.57 | J52: 1.5 | K52: 0.2 | L52: 0.12 | M52: 6 | N52: 190 | Q52: 0.19841638 | R52: 2383007.1 | S52: -0.0041573767 | T52: 1134.972 | U52: 456.74299 | V52: 251.1 | W52: 1.8189685 | X52: Flexure-dominated | Z52: 564.398 | AA52: 95.1634 | AB52: 31.2609 | AC52: 13.139755 | AD52: 35.165013 | AE52: 35.165013 | AF52: 20pct_loss | AG52: TRUE | AH52: 2.6762305 | AI52: 566.214 | AJ52: 91.3101 | AK52: 32.2893 | AL52: 12.729574 | AM52: 35.544178 | AN52: 35.544178 | AO52: 20pct_loss | AP52: TRUE | AQ52: 2.7922519 | AR52: 566.214 | AS52: 35.544178 | AT52: 2.7922519 | AU52: 26.551501 | AV52: 37.925638 | AW52: 2.0858122 | AX52: 2.9793328 | AY52: Within calibration ranges | AZ52: None | BA52: =IF(COUNT(BB52:BC52)=2,MAX(BB52:BC52),"Missing input") -> 0 | BB52: =IF(AND(ISNUMBER(H52),Metadata!$H$5>Metadata!$G$5),MAX(Metadata!$G$5-H52,0,H52-Metadata!$H$5)/(Metadata!$H$5-Metadata!$G$5),"Missing input") -> 0 | BC52: =IF(AND(ISNUMBER(L52),Metadata!$H$8>Metadata!$G$8),MAX(Metadata!$G$8-L52,0,L52-Metadata!$H$8)/(Metadata!$H$8-Metadata!$G$8),"Missing input") -> 0
A53: W-VL_LHS12 | B53: W-VL | C53: Web | D53: WSH6 | E53: run_FEmodel_webconf.py | F53: 12 | G53: 56.241154 | H53: 14.787645 | I53: 1.57 | J53: 1.5 | K53: 0.2 | L53: 0.12 | M53: 6 | N53: 190 | Q53: 0.19841638 | R53: 2448743.9 | S53: -0.0031050232 | T53: 1060.8343 | U53: 583.75829 | V53: 234.69786 | W53: 2.4872758 | X53: Flexure-dominated | Z53: 706.087 | AA53: 95.1634 | AB53: 51.2964 | AC53: 12.124686 | AD53: 73.265101 | AE53: 73.265101 | AF53: 20pct_loss | AG53: TRUE | AH53: 6.042639 | AI53: 704.614 | AJ53: 91.3101 | AK53: 51.7576 | AL53: 11.888334 | AM53: 72.784158 | AN53: 72.784158 | AO53: 20pct_loss | AP53: TRUE | AQ53: 6.1223179 | AR53: 706.087 | AS53: 73.265101 | AT53: 6.1223179 | AU53: 54.72903 | AV53: 78.173863 | AW53: 4.5733714 | AX53: 6.5325132 | AY53: Within calibration ranges | AZ53: None | BA53: =IF(COUNT(BB53:BC53)=2,MAX(BB53:BC53),"Missing input") -> 0 | BB53: =IF(AND(ISNUMBER(H53),Metadata!$H$5>Metadata!$G$5),MAX(Metadata!$G$5-H53,0,H53-Metadata!$H$5)/(Metadata!$H$5-Metadata!$G$5),"Missing input") -> 0 | BC53: =IF(AND(ISNUMBER(L53),Metadata!$H$8>Metadata!$G$8),MAX(Metadata!$G$8-L53,0,L53-Metadata!$H$8)/(Metadata!$H$8-Metadata!$G$8),"Missing input") -> 0
A54: W-VL_LHS13 | B54: W-VL | C54: Web | D54: WSH6 | E54: run_FEmodel_webconf.py | F54: 13 | G54: 49.119901 | H54: 22.549335 | I54: 1.57 | J54: 1.5 | K54: 0.2 | L54: 0.12 | M54: 6 | N54: 190 | Q54: 0.19841638 | R54: 3276584.6 | S54: -0.0037470634 | T54: 1412.9688 | U54: 559.30371 | V54: 312.60372 | W54: 1.789178 | X54: Flexure-dominated | Z54: 801.899 | AA54: 95.1634 | AB54: 41.3243 | AC54: 12.931626 | AD54: 50.702428 | AE54: 50.702428 | AF54: 20pct_loss | AG54: TRUE | AH54: 3.9208085 | AI54: 800.979 | AJ54: 91.3101 | AK54: 39.3589 | AL54: 12.758876 | AM54: 50.471848 | AN54: 50.471848 | AO54: 20pct_loss | AP54: TRUE | AQ54: 3.9558225 | AR54: 801.899 | AS54: 50.702428 | AT54: 3.9558225 | AU54: 37.874714 | AV54: 54.099491 | AW54: 2.9549994 | AX54: 4.2208626 | AY54: Within calibration ranges | AZ54: None | BA54: =IF(COUNT(BB54:BC54)=2,MAX(BB54:BC54),"Missing input") -> 0 | BB54: =IF(AND(ISNUMBER(H54),Metadata!$H$5>Metadata!$G$5),MAX(Metadata!$G$5-H54,0,H54-Metadata!$H$5)/(Metadata!$H$5-Metadata!$G$5),"Missing input") -> 0 | BC54: =IF(AND(ISNUMBER(L54),Metadata!$H$8>Metadata!$G$8),MAX(Metadata!$G$8-L54,0,L54-Metadata!$H$8)/(Metadata!$H$8-Metadata!$G$8),"Missing input") -> 0
A55: W-VL_LHS14 | B55: W-VL | C55: Web | D55: WSH6 | E55: run_FEmodel_webconf.py | F55: 14 | G55: 37.958866 | H55: 9.8264864 | I55: 1.57 | J55: 1.5 | K55: 0.2 | L55: 0.12 | M55: 6 | N55: 190 | Q55: 0.19841638 | R55: 1072728.2 | S55: -0.0026039584 | T55: 610.81355 | U55: 517.08147 | V55: 135.13574 | W55: 3.8263857 | X55: Flexure-dominated | Z55: 439.689 | AA55: 95.1634 | AB55: 65.0062 | AC55: 12.226281 | AE55: 95.1634 | AF55: delta_max_fallback | AG55: FALSE | AH55: 7.7835114 | AI55: 439.07 | AJ55: 91.3101 | AK55: 64.8115 | AL55: 11.880968 | AN55: 91.3101 | AO55: delta_max_fallback | AP55: FALSE | AQ55: 7.6854094 | AR55: 439.689 | AS55: 95.1634 | AT55: 7.7835114 | AU55: 71.08706 | AV55: 101.53935 | AW55: 5.814283 | AX55: 8.3050067 | AY55: Within calibration ranges | AZ55: None | BA55: =IF(COUNT(BB55:BC55)=2,MAX(BB55:BC55),"Missing input") -> 0 | BB55: =IF(AND(ISNUMBER(H55),Metadata!$H$5>Metadata!$G$5),MAX(Metadata!$G$5-H55,0,H55-Metadata!$H$5)/(Metadata!$H$5-Metadata!$G$5),"Missing input") -> 0 | BC55: =IF(AND(ISNUMBER(L55),Metadata!$H$8>Metadata!$G$8),MAX(Metadata!$G$8-L55,0,L55-Metadata!$H$8)/(Metadata!$H$8-Metadata!$G$8),"Missing input") -> 0
A56: W-VL_LHS15 | B56: W-VL | C56: Web | D56: WSH6 | E56: run_FEmodel_webconf.py | F56: 15 | G56: 27.308053 | H56: 5.2772179 | I56: 1.57 | J56: 1.5 | K56: 0.2 | L56: 0.12 | M56: 6 | N56: 190 | Q56: 0.19841638 | R56: 386052.96 | S56: -0.0021459543 | T56: 428.52672 | U56: 470.48081 | V56: 94.806797 | W56: 4.962522 | X56: Flexure-dominated | Z56: 297.369 | AA56: 95.1634 | AB56: 77.8502 | AC56: 13.238481 | AE56: 95.1634 | AF56: delta_max_fallback | AG56: FALSE | AH56: 7.1883929 | AI56: 297.532 | AJ56: 91.3101 | AK56: 78.4318 | AL56: 13.082735 | AN56: 91.3101 | AO56: delta_max_fallback | AP56: FALSE | AQ56: 6.9794353 | AR56: 297.532 | AS56: 95.1634 | AT56: 7.1883929 | AU56: 71.08706 | AV56: 101.53935 | AW56: 5.3697295 | AX56: 7.6700152 | AY56: Within calibration ranges | AZ56: None | BA56: =IF(COUNT(BB56:BC56)=2,MAX(BB56:BC56),"Missing input") -> 0 | BB56: =IF(AND(ISNUMBER(H56),Metadata!$H$5>Metadata!$G$5),MAX(Metadata!$G$5-H56,0,H56-Metadata!$H$5)/(Metadata!$H$5-Metadata!$G$5),"Missing input") -> 0 | BC56: =IF(AND(ISNUMBER(L56),Metadata!$H$8>Metadata!$G$8),MAX(Metadata!$G$8-L56,0,L56-Metadata!$H$8)/(Metadata!$H$8-Metadata!$G$8),"Missing input") -> 0
A57: W-VL_LHS16 | B57: W-VL | C57: Web | D57: WSH6 | E57: run_FEmodel_webconf.py | F57: 16 | G57: 31.125212 | H57: 39.506907 | I57: 1.57 | J57: 1.5 | K57: 0.2 | L57: 0.12 | M57: 6 | N57: 190 | Q57: 0.19841638 | R57: 3642703.9 | S57: -0.0041720465 | T57: 1657.5347 | U57: 488.08183 | V57: 366.71121 | W57: 1.3309706 | X57: Flexure-dominated | Z57: 684.263 | AA57: 95.1634 | AB57: 25.7987 | AC57: 12.195242 | AD57: 27.583608 | AE57: 27.583608 | AF57: 20pct_loss | AG57: TRUE | AH57: 2.2618336 | AI57: 689.394 | AJ57: 91.3101 | AK57: 27.145 | AL57: 11.603892 | AM57: 28.730641 | AN57: 28.730641 | AO57: 20pct_loss | AP57: TRUE | AQ57: 2.4759486 | AR57: 689.394 | AS57: 28.730641 | AT57: 2.4759486 | AU57: 21.461789 | AV57: 30.655594 | AW57: 1.8495336 | AX57: 2.6418371 | AY57: Within calibration ranges | AZ57: None | BA57: =IF(COUNT(BB57:BC57)=2,MAX(BB57:BC57),"Missing input") -> 0 | BB57: =IF(AND(ISNUMBER(H57),Metadata!$H$5>Metadata!$G$5),MAX(Metadata!$G$5-H57,0,H57-Metadata!$H$5)/(Metadata!$H$5-Metadata!$G$5),"Missing input") -> 0 | BC57: =IF(AND(ISNUMBER(L57),Metadata!$H$8>Metadata!$G$8),MAX(Metadata!$G$8-L57,0,L57-Metadata!$H$8)/(Metadata!$H$8-Metadata!$G$8),"Missing input") -> 0
A58: W-VL_LHS17 | B58: W-VL | C58: Web | D58: WSH6 | E58: run_FEmodel_webconf.py | F58: 17 | G58: 46.390186 | H58: 16.213875 | I58: 1.57 | J58: 1.5 | K58: 0.2 | L58: 0.12 | M58: 6 | N58: 190 | Q58: 0.19841638 | R58: 2210215.4 | S58: -0.003240313 | T58: 992.19235 | U58: 549.46286 | V58: 219.51158 | W58: 2.5031156 | X58: Flexure-dominated | Z58: 647.32 | AA58: 95.1634 | AB58: 51.2964 | AC58: 12.360372 | AD58: 70.708944 | AE58: 70.708944 | AF58: 20pct_loss | AG58: TRUE | AH58: 5.7206163 | AI58: 645.546 | AJ58: 91.3101 | AK58: 51.0705 | AL58: 12.060001 | AM58: 70.207585 | AN58: 70.207585 | AO58: 20pct_loss | AP58: TRUE | AQ58: 5.8215238 | AR58: 647.32 | AS58: 70.708944 | AT58: 5.8215238 | AU58: 52.819582 | AV58: 75.446444 | AW58: 4.3486782 | AX58: 6.2115659 | AY58: Within calibration ranges | AZ58: None | BA58: =IF(COUNT(BB58:BC58)=2,MAX(BB58:BC58),"Missing input") -> 0 | BB58: =IF(AND(ISNUMBER(H58),Metadata!$H$5>Metadata!$G$5),MAX(Metadata!$G$5-H58,0,H58-Metadata!$H$5)/(Metadata!$H$5-Metadata!$G$5),"Missing input") -> 0 | BC58: =IF(AND(ISNUMBER(L58),Metadata!$H$8>Metadata!$G$8),MAX(Metadata!$G$8-L58,0,L58-Metadata!$H$8)/(Metadata!$H$8-Metadata!$G$8),"Missing input") -> 0
A59: W-VL_LHS18 | B59: W-VL | C59: Web | D59: WSH6 | E59: run_FEmodel_webconf.py | F59: 18 | G59: 54.165408 | H59: 18.252758 | I59: 1.57 | J59: 1.5 | K59: 0.2 | L59: 0.12 | M59: 6 | N59: 190 | Q59: 0.19841638 | R59: 2919725.6 | S59: -0.0034220145 | T59: 1250.2446 | U59: 576.79857 | V59: 276.60279 | W59: 2.0852955 | X59: Flexure-dominated | Z59: 772.935 | AA59: 95.1634 | AB59: 44.9102 | AC59: 12.506048 | AD59: 62.504332 | AE59: 62.504332 | AF59: 20pct_loss | AG59: TRUE | AH59: 4.9979283 | AI59: 771.128 | AJ59: 91.3101 | AK59: 47.2919 | AL59: 12.342765 | AM59: 61.891327 | AN59: 61.891327 | AO59: 20pct_loss | AP59: TRUE | AQ59: 5.0143811 | AR59: 772.935 | AS59: 62.504332 | AT59: 5.0143811 | AU59: 46.690736 | AV59: 66.692123 | AW59: 3.7457427 | AX59: 5.3503446 | AY59: Within calibration ranges | AZ59: None | BA59: =IF(COUNT(BB59:BC59)=2,MAX(BB59:BC59),"Missing input") -> 0 | BB59: =IF(AND(ISNUMBER(H59),Metadata!$H$5>Metadata!$G$5),MAX(Metadata!$G$5-H59,0,H59-Metadata!$H$5)/(Metadata!$H$5-Metadata!$G$5),"Missing input") -> 0 | BC59: =IF(AND(ISNUMBER(L59),Metadata!$H$8>Metadata!$G$8),MAX(Metadata!$G$8-L59,0,L59-Metadata!$H$8)/(Metadata!$H$8-Metadata!$G$8),"Missing input") -> 0
A60: W-VL_LHS19 | B60: W-VL | C60: Web | D60: WSH6 | E60: run_FEmodel_webconf.py | F60: 19 | G60: 21.707483 | H60: 43.497365 | I60: 1.57 | J60: 1.5 | K60: 0.2 | L60: 0.12 | M60: 6 | N60: 190 | Q60: 0.19841638 | R60: 2786376.3 | S60: -0.0041126228 | T60: 1327.8442 | U60: 442.25327 | V60: 293.77084 | W60: 1.5054363 | X60: Flexure-dominated | Z60: 544.952 | AA60: 95.1634 | AB60: 25.7987 | AC60: 12.249534 | AD60: 26.089171 | AE60: 26.089171 | AF60: 20pct_loss | AG60: TRUE | AH60: 2.1298093 | AI60: 544.277 | AJ60: 91.3101 | AK60: 25.6445 | AL60: 11.22188 | AM60: 27.26316 | AN60: 27.26316 | AO60: 20pct_loss | AP60: TRUE | AQ60: 2.4294645 | AR60: 544.952 | AS60: 27.26316 | AT60: 2.4294645 | AU60: 20.365581 | AV60: 29.089792 | AW60: 1.81481 | AX60: 2.5922386 | AY60: Outside calibration ranges | AZ60: ALR | BA60: =IF(COUNT(BB60:BC60)=2,MAX(BB60:BC60),"Missing input") -> 0.094596678 | BB60: =IF(AND(ISNUMBER(H60),Metadata!$H$5>Metadata!$G$5),MAX(Metadata!$G$5-H60,0,H60-Metadata!$H$5)/(Metadata!$H$5-Metadata!$G$5),"Missing input") -> 0.094596678 | BC60: =IF(AND(ISNUMBER(L60),Metadata!$H$8>Metadata!$G$8),MAX(Metadata!$G$8-L60,0,L60-Metadata!$H$8)/(Metadata!$H$8-Metadata!$G$8),"Missing input") -> 0
A61: W-VL_LHS20 | B61: W-VL | C61: Web | D61: WSH6 | E61: run_FEmodel_webconf.py | F61: 20 | G61: 53.035991 | H61: 30.346543 | I61: 1.57 | J61: 1.5 | K61: 0.2 | L61: 0.12 | M61: 6 | N61: 190 | Q61: 0.19841638 | R61: 4782098.3 | S61: -0.0041023506 | T61: 2064.3921 | U61: 572.95571 | V61: 456.72392 | W61: 1.2544903 | X61: Flexure-dominated | Z61: 969.715 | AA61: 95.1634 | AB61: 33.0239 | AC61: 13.420127 | AD61: 36.360969 | AE61: 36.360969 | AF61: 20pct_loss | AG61: TRUE | AH61: 2.7094355 | AI61: 967.379 | AJ61: 91.3101 | AK61: 32.2893 | AL61: 13.012655 | AM61: 36.023942 | AN61: 36.023942 | AO61: 20pct_loss | AP61: TRUE | AQ61: 2.7683775 | AR61: 969.715 | AS61: 36.360969 | AT61: 2.7683775 | AU61: 27.161643 | AV61: 38.797153 | AW61: 2.067978 | AX61: 2.9538588 | AY61: Within calibration ranges | AZ61: None | BA61: =IF(COUNT(BB61:BC61)=2,MAX(BB61:BC61),"Missing input") -> 0 | BB61: =IF(AND(ISNUMBER(H61),Metadata!$H$5>Metadata!$G$5),MAX(Metadata!$G$5-H61,0,H61-Metadata!$H$5)/(Metadata!$H$5-Metadata!$G$5),"Missing input") -> 0 | BC61: =IF(AND(ISNUMBER(L61),Metadata!$H$8>Metadata!$G$8),MAX(Metadata!$G$8-L61,0,L61-Metadata!$H$8)/(Metadata!$H$8-Metadata!$G$8),"Missing input") -> 0
A62: W-M_LHS01 | B62: W-M | C62: Web | D62: WSH6 | E62: run_FEmodel_webconf.py | F62: 1 | G62: 22.11414 | H62: 28.832066 | I62: 1.57 | J62: 1.5 | K62: 0.4 | L62: 0.3 | M62: 8 | N62: 170 | Q62: 0.39423908 | R62: 1866510.3 | S62: -0.0046776449 | T62: 931.9314 | U62: 759.61516 | V62: 206.17951 | W62: 3.6842417 | X62: Flexure-dominated | Z62: 522.688 | AA62: 95.1634 | AB62: 37.5573 | AC62: 14.595723 | AD62: 43.939639 | AE62: 43.939639 | AF62: 20pct_loss | AG62: TRUE | AH62: 3.0104461 | AI62: 520.31 | AJ62: 91.3101 | AK62: 37.2662 | AL62: 14.144264 | AM62: 42.566686 | AN62: 42.566686 | AO62: 20pct_loss | AP62: TRUE | AQ62: 3.0094663 | AR62: 522.688 | AS62: 43.939639 | AT62: 3.0104461 | AU62: 32.82291 | AV62: 46.883594 | AW62: 2.2488032 | AX62: 3.212146 | AY62: Within calibration ranges | AZ62: None | BA62: =IF(COUNT(BB62:BC62)=2,MAX(BB62:BC62),"Missing input") -> 0 | BB62: =IF(AND(ISNUMBER(H62),Metadata!$H$5>Metadata!$G$5),MAX(Metadata!$G$5-H62,0,H62-Metadata!$H$5)/(Metadata!$H$5-Metadata!$G$5),"Missing input") -> 0 | BC62: =IF(AND(ISNUMBER(L62),Metadata!$H$8>Metadata!$G$8),MAX(Metadata!$G$8-L62,0,L62-Metadata!$H$8)/(Metadata!$H$8-Metadata!$G$8),"Missing input") -> 0
A63: W-M_LHS02 | B63: W-M | C63: Web | D63: WSH6 | E63: run_FEmodel_webconf.py | F63: 2 | G63: 39.289373 | H63: 11.435997 | I63: 1.57 | J63: 1.5 | K63: 0.4 | L63: 0.3 | M63: 8 | N63: 170 | Q63: 0.39423908 | R63: 1301660.8 | S63: -0.0030006752 | T63: 682.24592 | U63: 837.61239 | V63: 150.93936 | W63: 5.5493304 | X63: Flexure-dominated | Z63: 508.909 | AA63: 95.1634 | AB63: 61.5556 | AC63: 13.374127 | AE63: 95.1634 | AF63: delta_max_fallback | AG63: FALSE | AH63: 7.1154848 | AI63: 506.991 | AJ63: 91.3101 | AK63: 60.9428 | AL63: 12.952053 | AN63: 91.3101 | AO63: delta_max_fallback | AP63: FALSE | AQ63: 7.0498551 | AR63: 508.909 | AS63: 95.1634 | AT63: 7.1154848 | AU63: 71.08706 | AV63: 101.53935 | AW63: 5.3152671 | AX63: 7.5922223 | AY63: Within calibration ranges | AZ63: None | BA63: =IF(COUNT(BB63:BC63)=2,MAX(BB63:BC63),"Missing input") -> 0 | BB63: =IF(AND(ISNUMBER(H63),Metadata!$H$5>Metadata!$G$5),MAX(Metadata!$G$5-H63,0,H63-Metadata!$H$5)/(Metadata!$H$5-Metadata!$G$5),"Missing input") -> 0 | BC63: =IF(AND(ISNUMBER(L63),Metadata!$H$8>Metadata!$G$8),MAX(Metadata!$G$8-L63,0,L63-Metadata!$H$8)/(Metadata!$H$8-Metadata!$G$8),"Missing input") -> 0
A64: W-M_LHS03 | B64: W-M | C64: Web | D64: WSH6 | E64: run_FEmodel_webconf.py | F64: 3 | G64: 50.720967 | H64: 41.572102 | I64: 1.57 | J64: 1.5 | K64: 0.4 | L64: 0.3 | M64: 8 | N64: 170 | Q64: 0.39423908 | R64: 6279453 | S64: -0.0049230952 | T64: 2795.5189 | U64: 880.14647 | V64: 618.47764 | W64: 1.4230854 | X64: Flexure-dominated | Z64: 1008.42 | AA64: 95.1634 | AB64: 27.2313 | AC64: 13.214332 | AD64: 28.318396 | AE64: 28.318396 | AF64: 20pct_loss | AG64: TRUE | AH64: 2.1430063 | AI64: 1014.78 | AJ64: 91.3101 | AK64: 28.2167 | AL64: 12.41409 | AM64: 29.355464 | AN64: 29.355464 | AO64: 20pct_loss | AP64: TRUE | AQ64: 2.3646892 | AR64: 1014.78 | AS64: 29.355464 | AT64: 2.3646892 | AU64: 21.928531 | AV64: 31.32228 | AW64: 1.7664228 | AX64: 2.5231233 | AY64: Outside calibration ranges | AZ64: ALR | BA64: =IF(COUNT(BB64:BC64)=2,MAX(BB64:BC64),"Missing input") -> 0.046063612 | BB64: =IF(AND(ISNUMBER(H64),Metadata!$H$5>Metadata!$G$5),MAX(Metadata!$G$5-H64,0,H64-Metadata!$H$5)/(Metadata!$H$5-Metadata!$G$5),"Missing input") -> 0.046063612 | BC64: =IF(AND(ISNUMBER(L64),Metadata!$H$8>Metadata!$G$8),MAX(Metadata!$G$8-L64,0,L64-Metadata!$H$8)/(Metadata!$H$8-Metadata!$G$8),"Missing input") -> 0
A65: W-M_LHS04 | B65: W-M | C65: Web | D65: WSH6 | E65: run_FEmodel_webconf.py | F65: 4 | G65: 40.065365 | H65: 25.230644 | I65: 1.57 | J65: 1.5 | K65: 0.4 | L65: 0.3 | M65: 8 | N65: 170 | Q65: 0.39423908 | R65: 2986346.2 | S65: -0.0044532206 | T65: 1323.2635 | U65: 840.68121 | V65: 292.75741 | W65: 2.8715967 | X65: Flexure-dominated | Z65: 740.75 | AA65: 95.1634 | AB65: 40.4278 | AC65: 13.885844 | AD65: 48.028562 | AE65: 48.028562 | AF65: 20pct_loss | AG65: TRUE | AH65: 3.4588147 | AI65: 741.027 | AJ65: 91.3101 | AK65: 39.3589 | AL65: 13.685799 | AM65: 48.460826 | AN65: 48.460826 | AO65: 20pct_loss | AP65: TRUE | AQ65: 3.5409571 | AR65: 741.027 | AS65: 48.460826 | AT65: 3.5409571 | AU65: 36.200237 | AV65: 51.707701 | AW65: 2.645095 | AX65: 3.7782012 | AY65: Within calibration ranges | AZ65: None | BA65: =IF(COUNT(BB65:BC65)=2,MAX(BB65:BC65),"Missing input") -> 0 | BB65: =IF(AND(ISNUMBER(H65),Metadata!$H$5>Metadata!$G$5),MAX(Metadata!$G$5-H65,0,H65-Metadata!$H$5)/(Metadata!$H$5-Metadata!$G$5),"Missing input") -> 0 | BC65: =IF(AND(ISNUMBER(L65),Metadata!$H$8>Metadata!$G$8),MAX(Metadata!$G$8-L65,0,L65-Metadata!$H$8)/(Metadata!$H$8-Metadata!$G$8),"Missing input") -> 0
A66: W-M_LHS05 | B66: W-M | C66: Web | D66: WSH6 | E66: run_FEmodel_webconf.py | F66: 5 | G66: 44.69165 | H66: 35.27886 | I66: 1.57 | J66: 1.5 | K66: 0.4 | L66: 0.3 | M66: 8 | N66: 170 | Q66: 0.39423908 | R66: 4683732.7 | S66: -0.0048991046 | T66: 2061.9786 | U66: 858.39054 | V66: 456.18996 | W66: 1.8816515 | X66: Flexure-dominated | Z66: 894.658 | AA66: 95.1634 | AB66: 31.5128 | AC66: 13.656886 | AD66: 34.120528 | AE66: 34.120528 | AF66: 20pct_loss | AG66: TRUE | AH66: 2.4984121 | AI66: 898.21 | AJ66: 91.3101 | AK66: 32.2893 | AL66: 13.167939 | AM66: 33.685202 | AN66: 33.685202 | AO66: 20pct_loss | AP66: TRUE | AQ66: 2.5581226 | AR66: 898.21 | AS66: 34.120528 | AT66: 2.5581226 | AU66: 25.488034 | AV66: 36.406603 | AW66: 1.9109176 | AX66: 2.7295168 | AY66: Within calibration ranges | AZ66: None | BA66: =IF(COUNT(BB66:BC66)=2,MAX(BB66:BC66),"Missing input") -> 0 | BB66: =IF(AND(ISNUMBER(H66),Metadata!$H$5>Metadata!$G$5),MAX(Metadata!$G$5-H66,0,H66-Metadata!$H$5)/(Metadata!$H$5-Metadata!$G$5),"Missing input") -> 0 | BC66: =IF(AND(ISNUMBER(L66),Metadata!$H$8>Metadata!$G$8),MAX(Metadata!$G$8-L66,0,L66-Metadata!$H$8)/(Metadata!$H$8-Metadata!$G$8),"Missing input") -> 0
A67: W-M_LHS06 | B67: W-M | C67: Web | D67: WSH6 | E67: run_FEmodel_webconf.py | F67: 6 | G67: 33.0865 | H67: 19.795806 | I67: 1.57 | J67: 1.5 | K67: 0.4 | L67: 0.3 | M67: 8 | N67: 170 | Q67: 0.39423908 | R67: 1918643.2 | S67: -0.0039746266 | T67: 915.03918 | U67: 811.90303 | V67: 202.4423 | W67: 4.0105405 | X67: Flexure-dominated | Z67: 586.585 | AA67: 95.1634 | AB67: 44.9102 | AC67: 13.9025 | AD67: 64.771209 | AE67: 64.771209 | AF67: 20pct_loss | AG67: TRUE | AH67: 4.6589614 | AI67: 582.977 | AJ67: 91.3101 | AK67: 39.3589 | AL67: 13.444903 | AM67: 63.916764 | AN67: 63.916764 | AO67: 20pct_loss | AP67: TRUE | AQ67: 4.7539772 | AR67: 586.585 | AS67: 64.771209 | AT67: 4.7539772 | AU67: 48.384093 | AV67: 69.11088 | AW67: 3.551221 | AX67: 5.0724937 | AY67: Within calibration ranges | AZ67: None | BA67: =IF(COUNT(BB67:BC67)=2,MAX(BB67:BC67),"Missing input") -> 0 | BB67: =IF(AND(ISNUMBER(H67),Metadata!$H$5>Metadata!$G$5),MAX(Metadata!$G$5-H67,0,H67-Metadata!$H$5)/(Metadata!$H$5-Metadata!$G$5),"Missing input") -> 0 | BC67: =IF(AND(ISNUMBER(L67),Metadata!$H$8>Metadata!$G$8),MAX(Metadata!$G$8-L67,0,L67-Metadata!$H$8)/(Metadata!$H$8-Metadata!$G$8),"Missing input") -> 0
A68: W-M_LHS07 | B68: W-M | C68: Web | D68: WSH6 | E68: run_FEmodel_webconf.py | F68: 7 | G68: 42.943728 | H68: 31.604416 | I68: 1.57 | J68: 1.5 | K68: 0.4 | L68: 0.3 | M68: 8 | N68: 170 | Q68: 0.39423908 | R68: 4025355.6 | S68: -0.0047999266 | T68: 1767.1252 | U68: 851.81245 | V68: 390.9569 | W68: 2.1787886 | X68: Flexure-dominated | Z68: 845.823 | AA68: 95.1634 | AB68: 34.535 | AC68: 13.906488 | AD68: 37.895229 | AE68: 37.895229 | AF68: 20pct_loss | AG68: TRUE | AH68: 2.7250035 | AI68: 840.968 | AJ68: 91.3101 | AK68: 34.1272 | AL68: 13.279832 | AM68: 38.408853 | AN68: 38.408853 | AO68: 20pct_loss | AP68: TRUE | AQ68: 2.8922695 | AR68: 845.823 | AS68: 38.408853 | AT68: 2.8922695 | AU68: 28.691413 | AV68: 40.982246 | AW68: 2.1605253 | AX68: 3.0860516 | AY68: Within calibration ranges | AZ68: None | BA68: =IF(COUNT(BB68:BC68)=2,MAX(BB68:BC68),"Missing input") -> 0 | BB68: =IF(AND(ISNUMBER(H68),Metadata!$H$5>Metadata!$G$5),MAX(Metadata!$G$5-H68,0,H68-Metadata!$H$5)/(Metadata!$H$5-Metadata!$G$5),"Missing input") -> 0 | BC68: =IF(AND(ISNUMBER(L68),Metadata!$H$8>Metadata!$G$8),MAX(Metadata!$G$8-L68,0,L68-Metadata!$H$8)/(Metadata!$H$8-Metadata!$G$8),"Missing input") -> 0
A69: W-M_LHS08 | B69: W-M | C69: Web | D69: WSH6 | E69: run_FEmodel_webconf.py | F69: 8 | G69: 29.155455 | H69: 7.3398505 | I69: 1.57 | J69: 1.5 | K69: 0.4 | L69: 0.3 | M69: 8 | N69: 170 | Q69: 0.39423908 | R69: 595711.37 | S69: -0.0024983931 | T69: 480.50832 | U69: 794.34083 | V69: 106.30715 | W69: 7.4721299 | X69: Flexure-dominated | Z69: 369.183 | AA69: 95.1634 | AB69: 65.0062 | AC69: 14.16635 | AE69: 95.1634 | AF69: delta_max_fallback | AG69: FALSE | AH69: 6.7175667 | AI69: 367.507 | AJ69: 91.3101 | AK69: 69.0549 | AL69: 13.73829 | AN69: 91.3101 | AO69: delta_max_fallback | AP69: FALSE | AQ69: 6.6463949 | AR69: 369.183 | AS69: 95.1634 | AT69: 6.7175667 | AU69: 71.08706 | AV69: 101.53935 | AW69: 5.0180223 | AX69: 7.1676436 | AY69: Within calibration ranges | AZ69: None | BA69: =IF(COUNT(BB69:BC69)=2,MAX(BB69:BC69),"Missing input") -> 0 | BB69: =IF(AND(ISNUMBER(H69),Metadata!$H$5>Metadata!$G$5),MAX(Metadata!$G$5-H69,0,H69-Metadata!$H$5)/(Metadata!$H$5-Metadata!$G$5),"Missing input") -> 0 | BC69: =IF(AND(ISNUMBER(L69),Metadata!$H$8>Metadata!$G$8),MAX(Metadata!$G$8-L69,0,L69-Metadata!$H$8)/(Metadata!$H$8-Metadata!$G$8),"Missing input") -> 0
A70: W-M_LHS09 | B70: W-M | C70: Web | D70: WSH6 | E70: run_FEmodel_webconf.py | F70: 9 | G70: 59.748609 | H70: 37.783512 | I70: 1.57 | J70: 1.5 | K70: 0.4 | L70: 0.3 | M70: 8 | N70: 170 | Q70: 0.39423908 | R70: 6726258.3 | S70: -0.0049292245 | T70: 2958.9793 | U70: 910.43038 | V70: 654.64145 | W70: 1.3907313 | X70: Flexure-dominated | Z70: 1140.28 | AA70: 95.1634 | AB70: 29.7498 | AC70: 13.981717 | AD70: 31.077048 | AE70: 31.077048 | AF70: 20pct_loss | AG70: TRUE | AH70: 2.2226919 | AI70: 1143.65 | AJ70: 91.3101 | AK70: 30.5745 | AL70: 13.237513 | AM70: 31.924484 | AN70: 31.924484 | AO70: 20pct_loss | AP70: TRUE | AQ70: 2.4116679 | AR70: 1143.65 | AS70: 31.924484 | AT70: 2.4116679 | AU70: 23.84759 | AV70: 34.063425 | AW70: 1.8015159 | AX70: 2.5732496 | AY70: Within calibration ranges | AZ70: None | BA70: =IF(COUNT(BB70:BC70)=2,MAX(BB70:BC70),"Missing input") -> 0 | BB70: =IF(AND(ISNUMBER(H70),Metadata!$H$5>Metadata!$G$5),MAX(Metadata!$G$5-H70,0,H70-Metadata!$H$5)/(Metadata!$H$5-Metadata!$G$5),"Missing input") -> 0 | BC70: =IF(AND(ISNUMBER(L70),Metadata!$H$8>Metadata!$G$8),MAX(Metadata!$G$8-L70,0,L70-Metadata!$H$8)/(Metadata!$H$8-Metadata!$G$8),"Missing input") -> 0
A71: W-M_LHS10 | B71: W-M | C71: Web | D71: WSH6 | E71: run_FEmodel_webconf.py | F71: 10 | G71: 34.746338 | H71: 23.741461 | I71: 1.57 | J71: 1.5 | K71: 0.4 | L71: 0.3 | M71: 8 | N71: 170 | Q71: 0.39423908 | R71: 2428507.8 | S71: -0.0043383517 | T71: 1111.2173 | U71: 819.00328 | V71: 245.84454 | W71: 3.3313868 | X71: Flexure-dominated | Z71: 654.81 | AA71: 95.1634 | AB71: 42.2207 | AC71: 13.984154 | AD71: 51.439671 | AE71: 51.439671 | AF71: 20pct_loss | AG71: TRUE | AH71: 3.6784255 | AI71: 653.108 | AJ71: 91.3101 | AK71: 39.3589 | AL71: 13.681841 | AM71: 51.820456 | AN71: 51.820456 | AO71: 20pct_loss | AP71: TRUE | AQ71: 3.7875352 | AR71: 654.81 | AS71: 51.820456 | AT71: 3.7875352 | AU71: 38.70988 | AV71: 55.292426 | AW71: 2.8292888 | AX71: 4.0413001 | AY71: Within calibration ranges | AZ71: None | BA71: =IF(COUNT(BB71:BC71)=2,MAX(BB71:BC71),"Missing input") -> 0 | BB71: =IF(AND(ISNUMBER(H71),Metadata!$H$5>Metadata!$G$5),MAX(Metadata!$G$5-H71,0,H71-Metadata!$H$5)/(Metadata!$H$5-Metadata!$G$5),"Missing input") -> 0 | BC71: =IF(AND(ISNUMBER(L71),Metadata!$H$8>Metadata!$G$8),MAX(Metadata!$G$8-L71,0,L71-Metadata!$H$8)/(Metadata!$H$8-Metadata!$G$8),"Missing input") -> 0
A72: W-M_LHS11 | B72: W-M | C72: Web | D72: WSH6 | E72: run_FEmodel_webconf.py | F72: 11 | G72: 24.502162 | H72: 33.048591 | I72: 1.57 | J72: 1.5 | K72: 0.4 | L72: 0.3 | M72: 8 | N72: 170 | Q72: 0.39423908 | R72: 2383007.1 | S72: -0.004847115 | T72: 1134.972 | U72: 771.94075 | V72: 251.1 | W72: 3.0742364 | X72: Flexure-dominated | Z72: 575.88 | AA72: 95.1634 | AB72: 33.7795 | AC72: 14.02862 | AD72: 37.925329 | AE72: 37.925329 | AF72: 20pct_loss | AG72: TRUE | AH72: 2.7034255 | AI72: 573.881 | AJ72: 91.3101 | AK72: 32.2893 | AL72: 13.45584 | AM72: 38.221694 | AN72: 38.221694 | AO72: 20pct_loss | AP72: TRUE | AQ72: 2.8405282 | AR72: 575.88 | AS72: 38.221694 | AT72: 2.8405282 | AU72: 28.551606 | AV72: 40.782548 | AW72: 2.1218746 | AX72: 3.0308436 | AY72: Within calibration ranges | AZ72: None | BA72: =IF(COUNT(BB72:BC72)=2,MAX(BB72:BC72),"Missing input") -> 0 | BB72: =IF(AND(ISNUMBER(H72),Metadata!$H$5>Metadata!$G$5),MAX(Metadata!$G$5-H72,0,H72-Metadata!$H$5)/(Metadata!$H$5-Metadata!$G$5),"Missing input") -> 0 | BC72: =IF(AND(ISNUMBER(L72),Metadata!$H$8>Metadata!$G$8),MAX(Metadata!$G$8-L72,0,L72-Metadata!$H$8)/(Metadata!$H$8-Metadata!$G$8),"Missing input") -> 0
A73: W-M_LHS12 | B73: W-M | C73: Web | D73: WSH6 | E73: run_FEmodel_webconf.py | F73: 12 | G73: 56.241154 | H73: 14.787645 | I73: 1.57 | J73: 1.5 | K73: 0.4 | L73: 0.3 | M73: 8 | N73: 170 | Q73: 0.39423908 | R73: 2448743.9 | S73: -0.0034121632 | T73: 1060.8343 | U73: 898.95605 | V73: 234.69786 | W73: 3.8302696 | X73: Flexure-dominated | Z73: 730.7 | AA73: 95.1634 | AB73: 51.2964 | AC73: 13.079875 | AD73: 77.909675 | AE73: 77.909675 | AF73: 20pct_loss | AG73: TRUE | AH73: 5.9564543 | AI73: 727.445 | AJ73: 91.3101 | AK73: 51.7576 | AL73: 12.744777 | AM73: 78.46641 | AN73: 78.46641 | AO73: 20pct_loss | AP73: TRUE | AQ73: 6.1567501 | AR73: 730.7 | AS73: 78.46641 | AT73: 6.1567501 | AU73: 58.614408 | AV73: 83.723659 | AW73: 4.5990923 | AX73: 6.5692524 | AY73: Within calibration ranges | AZ73: None | BA73: =IF(COUNT(BB73:BC73)=2,MAX(BB73:BC73),"Missing input") -> 0 | BB73: =IF(AND(ISNUMBER(H73),Metadata!$H$5>Metadata!$G$5),MAX(Metadata!$G$5-H73,0,H73-Metadata!$H$5)/(Metadata!$H$5-Metadata!$G$5),"Missing input") -> 0 | BC73: =IF(AND(ISNUMBER(L73),Metadata!$H$8>Metadata!$G$8),MAX(Metadata!$G$8-L73,0,L73-Metadata!$H$8)/(Metadata!$H$8-Metadata!$G$8),"Missing input") -> 0
A74: W-M_LHS13 | B74: W-M | C74: Web | D74: WSH6 | E74: run_FEmodel_webconf.py | F74: 13 | G74: 49.119901 | H74: 22.549335 | I74: 1.57 | J74: 1.5 | K74: 0.4 | L74: 0.3 | M74: 8 | N74: 170 | Q74: 0.39423908 | R74: 3276584.6 | S74: -0.0042372791 | T74: 1412.9688 | U74: 874.50147 | V74: 312.60372 | W74: 2.7974762 | X74: Flexure-dominated | Z74: 821.428 | AA74: 95.1634 | AB74: 43.7149 | AC74: 13.837146 | AD74: 53.494729 | AE74: 53.494729 | AF74: 20pct_loss | AG74: TRUE | AH74: 3.8660233 | AI74: 817.19 | AJ74: 91.3101 | AK74: 39.3589 | AL74: 13.537937 | AM74: 52.915271 | AN74: 52.915271 | AO74: 20pct_loss | AP74: TRUE | AQ74: 3.9086658 | AR74: 821.428 | AS74: 53.494729 | AT74: 3.9086658 | AU74: 39.960563 | AV74: 57.078876 | AW74: 2.9197733 | AX74: 4.1705464 | AY74: Within calibration ranges | AZ74: None | BA74: =IF(COUNT(BB74:BC74)=2,MAX(BB74:BC74),"Missing input") -> 0 | BB74: =IF(AND(ISNUMBER(H74),Metadata!$H$5>Metadata!$G$5),MAX(Metadata!$G$5-H74,0,H74-Metadata!$H$5)/(Metadata!$H$5-Metadata!$G$5),"Missing input") -> 0 | BC74: =IF(AND(ISNUMBER(L74),Metadata!$H$8>Metadata!$G$8),MAX(Metadata!$G$8-L74,0,L74-Metadata!$H$8)/(Metadata!$H$8-Metadata!$G$8),"Missing input") -> 0
A75: W-M_LHS14 | B75: W-M | C75: Web | D75: WSH6 | E75: run_FEmodel_webconf.py | F75: 14 | G75: 37.958866 | H75: 9.8264864 | I75: 1.57 | J75: 1.5 | K75: 0.4 | L75: 0.3 | M75: 8 | N75: 170 | Q75: 0.39423908 | R75: 1072728.2 | S75: -0.0028011534 | T75: 610.81355 | U75: 832.27923 | V75: 135.13574 | W75: 6.1588387 | X75: Flexure-dominated | Z75: 467.971 | AA75: 94.9994 | AB75: 65.0062 | AC75: 13.530911 | AD75: 65.215454 | AE75: 65.215454 | AF75: 20pct_loss | AG75: TRUE | AH75: 4.8197387 | AI75: 464.328 | AJ75: 90.8686 | AK75: 64.0905 | AL75: 13.058164 | AN75: 90.8686 | AO75: delta_max_fallback | AP75: FALSE | AQ75: 6.958758 | AR75: 467.971 | AS75: 90.8686 | AT75: 6.958758 | AU75: 67.878844 | AV75: 96.956796 | AW75: 5.1981922 | AX75: 7.4249948 | AY75: Within calibration ranges | AZ75: None | BA75: =IF(COUNT(BB75:BC75)=2,MAX(BB75:BC75),"Missing input") -> 0 | BB75: =IF(AND(ISNUMBER(H75),Metadata!$H$5>Metadata!$G$5),MAX(Metadata!$G$5-H75,0,H75-Metadata!$H$5)/(Metadata!$H$5-Metadata!$G$5),"Missing input") -> 0 | BC75: =IF(AND(ISNUMBER(L75),Metadata!$H$8>Metadata!$G$8),MAX(Metadata!$G$8-L75,0,L75-Metadata!$H$8)/(Metadata!$H$8-Metadata!$G$8),"Missing input") -> 0
A76: W-M_LHS15 | B76: W-M | C76: Web | D76: WSH6 | E76: run_FEmodel_webconf.py | F76: 15 | G76: 27.308053 | H76: 5.2772179 | I76: 1.57 | J76: 1.5 | K76: 0.4 | L76: 0.3 | M76: 8 | N76: 170 | Q76: 0.39423908 | R76: 386052.96 | S76: -0.0022579238 | T76: 428.52672 | U76: 785.67858 | V76: 94.806797 | W76: 8.2871545 | X76: Flexure-dominated | Z76: 325.821 | AA76: 95.1634 | AB76: 65.0062 | AC76: 14.322969 | AD76: 65.127747 | AE76: 65.127747 | AF76: 20pct_loss | AG76: TRUE | AH76: 4.5470842 | AI76: 325.384 | AJ76: 91.3101 | AK76: 32.2893 | AL76: 13.905563 | AM76: 52.13526 | AN76: 52.13526 | AO76: 20pct_loss | AP76: TRUE | AQ76: 3.7492377 | AR76: 325.821 | AS76: 65.127747 | AT76: 4.5470842 | AU76: 48.650427 | AV76: 69.491306 | AW76: 3.3966719 | AX76: 4.8517388 | AY76: Within calibration ranges | AZ76: None | BA76: =IF(COUNT(BB76:BC76)=2,MAX(BB76:BC76),"Missing input") -> 0 | BB76: =IF(AND(ISNUMBER(H76),Metadata!$H$5>Metadata!$G$5),MAX(Metadata!$G$5-H76,0,H76-Metadata!$H$5)/(Metadata!$H$5-Metadata!$G$5),"Missing input") -> 0 | BC76: =IF(AND(ISNUMBER(L76),Metadata!$H$8>Metadata!$G$8),MAX(Metadata!$G$8-L76,0,L76-Metadata!$H$8)/(Metadata!$H$8-Metadata!$G$8),"Missing input") -> 0
A77: W-M_LHS16 | B77: W-M | C77: Web | D77: WSH6 | E77: run_FEmodel_webconf.py | F77: 16 | G77: 31.125212 | H77: 39.506907 | I77: 1.57 | J77: 1.5 | K77: 0.4 | L77: 0.3 | M77: 8 | N77: 170 | Q77: 0.39423908 | R77: 3642703.9 | S77: -0.0049337958 | T77: 1657.5347 | U77: 803.27959 | V77: 366.71121 | W77: 2.1904964 | X77: Flexure-dominated | Z77: 693.662 | AA77: 95.1634 | AB77: 28.4906 | AC77: 13.004492 | AD77: 30.635246 | AE77: 30.635246 | AF77: 20pct_loss | AG77: TRUE | AH77: 2.3557433 | AI77: 699.529 | AJ77: 91.3101 | AK77: 29.5028 | AL77: 12.504817 | AM77: 31.965022 | AN77: 31.965022 | AO77: 20pct_loss | AP77: TRUE | AQ77: 2.5562167 | AR77: 699.529 | AS77: 31.965022 | AT77: 2.5562167 | AU77: 23.877871 | AV77: 34.106678 | AW77: 1.9094938 | AX77: 2.7274832 | AY77: Within calibration ranges | AZ77: None | BA77: =IF(COUNT(BB77:BC77)=2,MAX(BB77:BC77),"Missing input") -> 0 | BB77: =IF(AND(ISNUMBER(H77),Metadata!$H$5>Metadata!$G$5),MAX(Metadata!$G$5-H77,0,H77-Metadata!$H$5)/(Metadata!$H$5-Metadata!$G$5),"Missing input") -> 0 | BC77: =IF(AND(ISNUMBER(L77),Metadata!$H$8>Metadata!$G$8),MAX(Metadata!$G$8-L77,0,L77-Metadata!$H$8)/(Metadata!$H$8-Metadata!$G$8),"Missing input") -> 0
A78: W-M_LHS17 | B78: W-M | C78: Web | D78: WSH6 | E78: run_FEmodel_webconf.py | F78: 17 | G78: 46.390186 | H78: 16.213875 | I78: 1.57 | J78: 1.5 | K78: 0.4 | L78: 0.3 | M78: 8 | N78: 170 | Q78: 0.39423908 | R78: 2210215.4 | S78: -0.0035810608 | T78: 992.19235 | U78: 864.66062 | V78: 219.51158 | W78: 3.9390205 | X78: Flexure-dominated | Z78: 670.722 | AA78: 95.1634 | AB78: 51.2964 | AC78: 13.370893 | AD78: 75.905795 | AE78: 75.905795 | AF78: 20pct_loss | AG78: TRUE | AH78: 5.6769429 | AI78: 667.357 | AJ78: 91.3101 | AK78: 51.7576 | AL78: 12.979337 | AM78: 75.44248 | AN78: 75.44248 | AO78: 20pct_loss | AP78: TRUE | AQ78: 5.8125064 | AR78: 670.722 | AS78: 75.905795 | AT78: 5.8125064 | AU78: 56.701629 | AV78: 80.991483 | AW78: 4.3419423 | AX78: 6.2019443 | AY78: Within calibration ranges | AZ78: None | BA78: =IF(COUNT(BB78:BC78)=2,MAX(BB78:BC78),"Missing input") -> 0 | BB78: =IF(AND(ISNUMBER(H78),Metadata!$H$5>Metadata!$G$5),MAX(Metadata!$G$5-H78,0,H78-Metadata!$H$5)/(Metadata!$H$5-Metadata!$G$5),"Missing input") -> 0 | BC78: =IF(AND(ISNUMBER(L78),Metadata!$H$8>Metadata!$G$8),MAX(Metadata!$G$8-L78,0,L78-Metadata!$H$8)/(Metadata!$H$8-Metadata!$G$8),"Missing input") -> 0
A79: W-M_LHS18 | B79: W-M | C79: Web | D79: WSH6 | E79: run_FEmodel_webconf.py | F79: 18 | G79: 54.165408 | H79: 18.252758 | I79: 1.57 | J79: 1.5 | K79: 0.4 | L79: 0.3 | M79: 8 | N79: 170 | Q79: 0.39423908 | R79: 2919725.6 | S79: -0.0038113724 | T79: 1250.2446 | U79: 891.99634 | V79: 276.60279 | W79: 3.2248276 | X79: Flexure-dominated | Z79: 794.585 | AA79: 95.1634 | AB79: 49.5894 | AC79: 13.40062 | AD79: 65.40433 | AE79: 65.40433 | AF79: 20pct_loss | AG79: TRUE | AH79: 4.8806943 | AI79: 791.73 | AJ79: 91.3101 | AK79: 49.353 | AL79: 13.184066 | AM79: 64.833444 | AN79: 64.833444 | AO79: 20pct_loss | AP79: TRUE | AQ79: 4.9175605 | AR79: 794.585 | AS79: 65.40433 | AT79: 4.9175605 | AU79: 48.857035 | AV79: 69.786421 | AW79: 3.6734177 | AX79: 5.247037 | AY79: Within calibration ranges | AZ79: None | BA79: =IF(COUNT(BB79:BC79)=2,MAX(BB79:BC79),"Missing input") -> 0 | BB79: =IF(AND(ISNUMBER(H79),Metadata!$H$5>Metadata!$G$5),MAX(Metadata!$G$5-H79,0,H79-Metadata!$H$5)/(Metadata!$H$5-Metadata!$G$5),"Missing input") -> 0 | BC79: =IF(AND(ISNUMBER(L79),Metadata!$H$8>Metadata!$G$8),MAX(Metadata!$G$8-L79,0,L79-Metadata!$H$8)/(Metadata!$H$8-Metadata!$G$8),"Missing input") -> 0
A80: W-M_LHS19 | B80: W-M | C80: Web | D80: WSH6 | E80: run_FEmodel_webconf.py | F80: 19 | G80: 21.707483 | H80: 43.497365 | I80: 1.57 | J80: 1.5 | K80: 0.4 | L80: 0.3 | M80: 8 | N80: 170 | Q80: 0.39423908 | R80: 2786376.3 | S80: -0.004898169 | T80: 1327.8442 | U80: 757.45103 | V80: 293.77084 | W80: 2.5783738 | X80: Flexure-dominated | Z80: 545.565 | AA80: 95.1634 | AB80: 25.7987 | AC80: 12.723427 | AD80: 27.306075 | AE80: 27.306075 | AF80: 20pct_loss | AG80: TRUE | AH80: 2.1461258 | AI80: 553.574 | AJ80: 91.3101 | AK80: 28.0024 | AL80: 12.243396 | AM80: 30.089163 | AN80: 30.089163 | AO80: 20pct_loss | AP80: TRUE | AQ80: 2.4575831 | AR80: 553.574 | AS80: 30.089163 | AT80: 2.4575831 | AU80: 22.476605 | AV80: 32.105137 | AW80: 1.8358145 | AX80: 2.6222411 | AY80: Outside calibration ranges | AZ80: ALR | BA80: =IF(COUNT(BB80:BC80)=2,MAX(BB80:BC80),"Missing input") -> 0.094596678 | BB80: =IF(AND(ISNUMBER(H80),Metadata!$H$5>Metadata!$G$5),MAX(Metadata!$G$5-H80,0,H80-Metadata!$H$5)/(Metadata!$H$5-Metadata!$G$5),"Missing input") -> 0.094596678 | BC80: =IF(AND(ISNUMBER(L80),Metadata!$H$8>Metadata!$G$8),MAX(Metadata!$G$8-L80,0,L80-Metadata!$H$8)/(Metadata!$H$8-Metadata!$G$8),"Missing input") -> 0
A81: W-M_LHS20 | B81: W-M | C81: Web | D81: WSH6 | E81: run_FEmodel_webconf.py | F81: 20 | G81: 53.035991 | H81: 30.346543 | I81: 1.57 | J81: 1.5 | K81: 0.4 | L81: 0.3 | M81: 8 | N81: 170 | Q81: 0.39423908 | R81: 4782098.3 | S81: -0.0047497294 | T81: 2064.3921 | U81: 888.15347 | V81: 456.72392 | W81: 1.9446178 | X81: Flexure-dominated | Z81: 983.406 | AA81: 95.1634 | AB81: 35.7943 | AC81: 14.161088 | AD81: 39.025578 | AE81: 39.025578 | AF81: 20pct_loss | AG81: TRUE | AH81: 2.7558318 | AI81: 979.981 | AJ81: 91.3101 | AK81: 35.4351 | AL81: 13.670097 | AM81: 39.433525 | AN81: 39.433525 | AO81: 20pct_loss | AP81: TRUE | AQ81: 2.8846559 | AR81: 983.406 | AS81: 39.433525 | AT81: 2.8846559 | AU81: 29.456843 | AV81: 42.075571 | AW81: 2.154838 | AX81: 3.0779278 | AY81: Within calibration ranges | AZ81: None | BA81: =IF(COUNT(BB81:BC81)=2,MAX(BB81:BC81),"Missing input") -> 0 | BB81: =IF(AND(ISNUMBER(H81),Metadata!$H$5>Metadata!$G$5),MAX(Metadata!$G$5-H81,0,H81-Metadata!$H$5)/(Metadata!$H$5-Metadata!$G$5),"Missing input") -> 0 | BC81: =IF(AND(ISNUMBER(L81),Metadata!$H$8>Metadata!$G$8),MAX(Metadata!$G$8-L81,0,L81-Metadata!$H$8)/(Metadata!$H$8-Metadata!$G$8),"Missing input") -> 0
A82: W-H_LHS01 | B82: W-H | C82: Web | D82: WSH6 | E82: run_FEmodel_webconf.py | F82: 1 | G82: 22.11414 | H82: 28.832066 | I82: 1.57 | J82: 1.5 | K82: 0.78 | L82: 0.4 | M82: 10 | N82: 135 | Q82: 0.77570189 | R82: 1866510.3 | S82: -0.005696795 | T82: 931.9314 | U82: 934.72503 | V82: 206.17951 | W82: 4.5335495 | X82: Flexure-dominated | Z82: 542.619 | AA82: 95.1634 | AB82: 37.8091 | AC82: 15.920287 | AD82: 48.724553 | AE82: 48.724553 | AF82: 20pct_loss | AG82: TRUE | AH82: 3.0605323 | AI82: 542.875 | AJ82: 91.3101 | AK82: 39.3589 | AL82: 15.677762 | AM82: 49.184607 | AN82: 49.184607 | AO82: 20pct_loss | AP82: TRUE | AQ82: 3.1372213 | AR82: 542.875 | AS82: 49.184607 | AT82: 3.1372213 | AU82: 36.740901 | AV82: 52.479976 | AW82: 2.3435043 | AX82: 3.3474151 | AY82: Within calibration ranges | AZ82: None | BA82: =IF(COUNT(BB82:BC82)=2,MAX(BB82:BC82),"Missing input") -> 0 | BB82: =IF(AND(ISNUMBER(H82),Metadata!$H$5>Metadata!$G$5),MAX(Metadata!$G$5-H82,0,H82-Metadata!$H$5)/(Metadata!$H$5-Metadata!$G$5),"Missing input") -> 0 | BC82: =IF(AND(ISNUMBER(L82),Metadata!$H$8>Metadata!$G$8),MAX(Metadata!$G$8-L82,0,L82-Metadata!$H$8)/(Metadata!$H$8-Metadata!$G$8),"Missing input") -> 0
A83: W-H_LHS02 | B83: W-H | C83: Web | D83: WSH6 | E83: run_FEmodel_webconf.py | F83: 2 | G83: 39.289373 | H83: 11.435997 | I83: 1.57 | J83: 1.5 | K83: 0.78 | L83: 0.4 | M83: 10 | N83: 135 | Q83: 0.77570189 | R83: 1301660.8 | S83: -0.003490166 | T83: 682.24592 | U83: 1012.7223 | V83: 150.93936 | W83: 6.7094643 | X83: Flexure-dominated | Z83: 550.187 | AA83: 95.1634 | AB83: 63.2809 | AC83: 15.12738 | AE83: 95.1634 | AF83: delta_max_fallback | AG83: FALSE | AH83: 6.2908051 | AI83: 547.234 | AJ83: 91.3101 | AK83: 62.6622 | AL83: 14.699929 | AN83: 91.3101 | AO83: delta_max_fallback | AP83: FALSE | AQ83: 6.2116014 | AR83: 550.187 | AS83: 95.1634 | AT83: 6.2908051 | AU83: 71.08706 | AV83: 101.53935 | AW83: 4.6992314 | AX83: 6.7122891 | AY83: Within calibration ranges | AZ83: None | BA83: =IF(COUNT(BB83:BC83)=2,MAX(BB83:BC83),"Missing input") -> 0 | BB83: =IF(AND(ISNUMBER(H83),Metadata!$H$5>Metadata!$G$5),MAX(Metadata!$G$5-H83,0,H83-Metadata!$H$5)/(Metadata!$H$5-Metadata!$G$5),"Missing input") -> 0 | BC83: =IF(AND(ISNUMBER(L83),Metadata!$H$8>Metadata!$G$8),MAX(Metadata!$G$8-L83,0,L83-Metadata!$H$8)/(Metadata!$H$8-Metadata!$G$8),"Missing input") -> 0
A84: W-H_LHS03 | B84: W-H | C84: Web | D84: WSH6 | E84: run_FEmodel_webconf.py | F84: 3 | G84: 50.720967 | H84: 41.572102 | I84: 1.57 | J84: 1.5 | K84: 0.78 | L84: 0.4 | M84: 10 | N84: 135 | Q84: 0.77570189 | R84: 6279453 | S84: -0.0061249976 | T84: 2795.5189 | U84: 1055.2563 | V84: 618.47764 | W84: 1.7062158 | X84: Flexure-dominated | Z84: 982.155 | AA84: 95.1634 | AB84: 25.7987 | AC84: 13.223156 | AD84: 33.396002 | AE84: 33.396002 | AF84: 20pct_loss | AG84: TRUE | AH84: 2.5255696 | AI84: 1033.24 | AJ84: 91.3101 | AK84: 32.0749 | AL84: 13.649962 | AM84: 32.291322 | AN84: 32.291322 | AO84: 20pct_loss | AP84: TRUE | AQ84: 2.3656712 | AR84: 1033.24 | AS84: 33.396002 | AT84: 2.5255696 | AU84: 24.946813 | AV84: 35.633534 | AW84: 1.8866005 | AX84: 2.6947828 | AY84: Outside calibration ranges | AZ84: ALR | BA84: =IF(COUNT(BB84:BC84)=2,MAX(BB84:BC84),"Missing input") -> 0.046063612 | BB84: =IF(AND(ISNUMBER(H84),Metadata!$H$5>Metadata!$G$5),MAX(Metadata!$G$5-H84,0,H84-Metadata!$H$5)/(Metadata!$H$5-Metadata!$G$5),"Missing input") -> 0.046063612 | BC84: =IF(AND(ISNUMBER(L84),Metadata!$H$8>Metadata!$G$8),MAX(Metadata!$G$8-L84,0,L84-Metadata!$H$8)/(Metadata!$H$8-Metadata!$G$8),"Missing input") -> 0
A85: W-H_LHS04 | B85: W-H | C85: Web | D85: WSH6 | E85: run_FEmodel_webconf.py | F85: 4 | G85: 40.065365 | H85: 25.230644 | I85: 1.57 | J85: 1.5 | K85: 0.78 | L85: 0.4 | M85: 10 | N85: 135 | Q85: 0.77570189 | R85: 2986346.2 | S85: -0.0053812721 | T85: 1323.2635 | U85: 1015.7911 | V85: 292.75741 | W85: 3.4697365 | X85: Flexure-dominated | Z85: 770.222 | AA85: 95.1634 | AB85: 44.6114 | AC85: 15.412256 | AD85: 53.332041 | AE85: 53.332041 | AF85: 20pct_loss | AG85: TRUE | AH85: 3.4603656 | AI85: 764.823 | AJ85: 91.3101 | AK85: 44.2003 | AL85: 14.970827 | AM85: 52.432841 | AN85: 52.432841 | AO85: 20pct_loss | AP85: TRUE | AQ85: 3.5023343 | AR85: 770.222 | AS85: 53.332041 | AT85: 3.5023343 | AU85: 39.839035 | AV85: 56.905288 | AW85: 2.6162437 | AX85: 3.7369907 | AY85: Within calibration ranges | AZ85: None | BA85: =IF(COUNT(BB85:BC85)=2,MAX(BB85:BC85),"Missing input") -> 0 | BB85: =IF(AND(ISNUMBER(H85),Metadata!$H$5>Metadata!$G$5),MAX(Metadata!$G$5-H85,0,H85-Metadata!$H$5)/(Metadata!$H$5-Metadata!$G$5),"Missing input") -> 0 | BC85: =IF(AND(ISNUMBER(L85),Metadata!$H$8>Metadata!$G$8),MAX(Metadata!$G$8-L85,0,L85-Metadata!$H$8)/(Metadata!$H$8-Metadata!$G$8),"Missing input") -> 0
A86: W-H_LHS05 | B86: W-H | C86: Web | D86: WSH6 | E86: run_FEmodel_webconf.py | F86: 5 | G86: 44.69165 | H86: 35.27886 | I86: 1.57 | J86: 1.5 | K86: 0.78 | L86: 0.4 | M86: 10 | N86: 135 | Q86: 0.77570189 | R86: 4683732.7 | S86: -0.0060373973 | T86: 2061.9786 | U86: 1033.5004 | V86: 456.18996 | W86: 2.2655045 | X86: Flexure-dominated | Z86: 915.022 | AA86: 95.1634 | AB86: 35.7943 | AC86: 14.860556 | AD86: 38.169168 | AE86: 38.169168 | AF86: 20pct_loss | AG86: TRUE | AH86: 2.5684885 | AI86: 910.751 | AJ86: 91.3101 | AK86: 35.1736 | AL86: 14.176014 | AM86: 38.96361 | AN86: 38.96361 | AO86: 20pct_loss | AP86: TRUE | AQ86: 2.7485588 | AR86: 915.022 | AS86: 38.96361 | AT86: 2.7485588 | AU86: 29.105816 | AV86: 41.574171 | AW86: 2.0531734 | AX86: 2.9327123 | AY86: Within calibration ranges | AZ86: None | BA86: =IF(COUNT(BB86:BC86)=2,MAX(BB86:BC86),"Missing input") -> 0 | BB86: =IF(AND(ISNUMBER(H86),Metadata!$H$5>Metadata!$G$5),MAX(Metadata!$G$5-H86,0,H86-Metadata!$H$5)/(Metadata!$H$5-Metadata!$G$5),"Missing input") -> 0 | BC86: =IF(AND(ISNUMBER(L86),Metadata!$H$8>Metadata!$G$8),MAX(Metadata!$G$8-L86,0,L86-Metadata!$H$8)/(Metadata!$H$8-Metadata!$G$8),"Missing input") -> 0
A87: W-H_LHS06 | B87: W-H | C87: Web | D87: WSH6 | E87: run_FEmodel_webconf.py | F87: 6 | G87: 33.0865 | H87: 19.795806 | I87: 1.57 | J87: 1.5 | K87: 0.78 | L87: 0.4 | M87: 10 | N87: 135 | Q87: 0.77570189 | R87: 1918643.2 | S87: -0.0047383095 | T87: 915.03918 | U87: 987.0129 | V87: 202.4423 | W87: 4.8755271 | X87: Flexure-dominated | Z87: 614.011 | AA87: 95.3177 | AB87: 50.9479 | AC87: 15.301763 | AD87: 65.393445 | AE87: 65.393445 | AF87: 20pct_loss | AG87: TRUE | AH87: 4.2735888 | AI87: 612.287 | AJ87: 91.1558 | AK87: 39.3589 | AL87: 14.968909 | AM87: 39.538068 | AN87: 39.538068 | AO87: 20pct_loss | AP87: TRUE | AQ87: 2.641346 | AR87: 614.011 | AS87: 65.393445 | AT87: 4.2735888 | AU87: 48.848903 | AV87: 69.774806 | AW87: 3.1923708 | AX87: 4.5599193 | AY87: Within calibration ranges | AZ87: None | BA87: =IF(COUNT(BB87:BC87)=2,MAX(BB87:BC87),"Missing input") -> 0 | BB87: =IF(AND(ISNUMBER(H87),Metadata!$H$5>Metadata!$G$5),MAX(Metadata!$G$5-H87,0,H87-Metadata!$H$5)/(Metadata!$H$5-Metadata!$G$5),"Missing input") -> 0 | BC87: =IF(AND(ISNUMBER(L87),Metadata!$H$8>Metadata!$G$8),MAX(Metadata!$G$8-L87,0,L87-Metadata!$H$8)/(Metadata!$H$8-Metadata!$G$8),"Missing input") -> 0
A88: W-H_LHS07 | B88: W-H | C88: Web | D88: WSH6 | E88: run_FEmodel_webconf.py | F88: 7 | G88: 42.943728 | H88: 31.604416 | I88: 1.57 | J88: 1.5 | K88: 0.78 | L88: 0.4 | M88: 10 | N88: 135 | Q88: 0.77570189 | R88: 4025355.6 | S88: -0.0058773396 | T88: 1767.1252 | U88: 1026.9223 | V88: 390.9569 | W88: 2.6266893 | X88: Flexure-dominated | Z88: 865.866 | AA88: 95.1634 | AB88: 37.8091 | AC88: 15.081495 | AD88: 43.566366 | AE88: 43.566366 | AF88: 20pct_loss | AG88: TRUE | AH88: 2.88873 | AI88: 865.777 | AJ88: 91.3101 | AK88: 38.5742 | AL88: 14.66414 | AM88: 42.299883 | AN88: 42.299883 | AO88: 20pct_loss | AP88: TRUE | AQ88: 2.8845798 | AR88: 865.866 | AS88: 43.566366 | AT88: 2.88873 | AU88: 32.544075 | AV88: 46.485313 | AW88: 2.1578813 | AX88: 3.0822749 | AY88: Within calibration ranges | AZ88: None | BA88: =IF(COUNT(BB88:BC88)=2,MAX(BB88:BC88),"Missing input") -> 0 | BB88: =IF(AND(ISNUMBER(H88),Metadata!$H$5>Metadata!$G$5),MAX(Metadata!$G$5-H88,0,H88-Metadata!$H$5)/(Metadata!$H$5-Metadata!$G$5),"Missing input") -> 0 | BC88: =IF(AND(ISNUMBER(L88),Metadata!$H$8>Metadata!$G$8),MAX(Metadata!$G$8-L88,0,L88-Metadata!$H$8)/(Metadata!$H$8-Metadata!$G$8),"Missing input") -> 0
A89: W-H_LHS08 | B89: W-H | C89: Web | D89: WSH6 | E89: run_FEmodel_webconf.py | F89: 8 | G89: 29.155455 | H89: 7.3398505 | I89: 1.57 | J89: 1.5 | K89: 0.78 | L89: 0.4 | M89: 10 | N89: 135 | Q89: 0.77570189 | R89: 595711.37 | S89: -0.0028656484 | T89: 480.50832 | U89: 969.4507 | V89: 106.30715 | W89: 9.1193368 | X89: Flexure-dominated | Z89: 411.399 | AA89: 95.1634 | AB89: 65.0062 | AC89: 15.808497 | AE89: 95.1634 | AF89: delta_max_fallback | AG89: FALSE | AH89: 6.0197628 | AI89: 408.489 | AJ89: 91.3101 | AK89: 64.8115 | AL89: 15.269649 | AN89: 91.3101 | AO89: delta_max_fallback | AP89: FALSE | AQ89: 5.9798428 | AR89: 411.399 | AS89: 95.1634 | AT89: 6.0197628 | AU89: 71.08706 | AV89: 101.53935 | AW89: 4.4967628 | AX89: 6.4230869 | AY89: Within calibration ranges | AZ89: None | BA89: =IF(COUNT(BB89:BC89)=2,MAX(BB89:BC89),"Missing input") -> 0 | BB89: =IF(AND(ISNUMBER(H89),Metadata!$H$5>Metadata!$G$5),MAX(Metadata!$G$5-H89,0,H89-Metadata!$H$5)/(Metadata!$H$5-Metadata!$G$5),"Missing input") -> 0 | BC89: =IF(AND(ISNUMBER(L89),Metadata!$H$8>Metadata!$G$8),MAX(Metadata!$G$8-L89,0,L89-Metadata!$H$8)/(Metadata!$H$8-Metadata!$G$8),"Missing input") -> 0
A90: W-H_LHS09 | B90: W-H | C90: Web | D90: WSH6 | E90: run_FEmodel_webconf.py | F90: 9 | G90: 59.748609 | H90: 37.783512 | I90: 1.57 | J90: 1.5 | K90: 0.78 | L90: 0.4 | M90: 10 | N90: 135 | Q90: 0.77570189 | R90: 6726258.3 | S90: -0.0060987133 | T90: 2958.9793 | U90: 1085.5403 | V90: 654.64145 | W90: 1.6582211 | X90: Flexure-dominated | Z90: 1160.34 | AA90: 95.1634 | AB90: 34.0313 | AC90: 15.026169 | AD90: 36.394871 | AE90: 36.394871 | AF90: 20pct_loss | AG90: TRUE | AH90: 2.4220991 | AI90: 1154.82 | AJ90: 91.3101 | AK90: 33.3424 | AL90: 14.149287 | AM90: 35.795627 | AN90: 35.795627 | AO90: 20pct_loss | AP90: TRUE | AQ90: 2.5298537 | AR90: 1160.34 | AS90: 36.394871 | AT90: 2.5298537 | AU90: 27.186969 | AV90: 38.833327 | AW90: 1.8898007 | AX90: 2.6993539 | AY90: Within calibration ranges | AZ90: None | BA90: =IF(COUNT(BB90:BC90)=2,MAX(BB90:BC90),"Missing input") -> 0 | BB90: =IF(AND(ISNUMBER(H90),Metadata!$H$5>Metadata!$G$5),MAX(Metadata!$G$5-H90,0,H90-Metadata!$H$5)/(Metadata!$H$5-Metadata!$G$5),"Missing input") -> 0 | BC90: =IF(AND(ISNUMBER(L90),Metadata!$H$8>Metadata!$G$8),MAX(Metadata!$G$8-L90,0,L90-Metadata!$H$8)/(Metadata!$H$8-Metadata!$G$8),"Missing input") -> 0
A91: W-H_LHS10 | B91: W-H | C91: Web | D91: WSH6 | E91: run_FEmodel_webconf.py | F91: 10 | G91: 34.746338 | H91: 23.741461 | I91: 1.57 | J91: 1.5 | K91: 0.78 | L91: 0.4 | M91: 10 | N91: 135 | Q91: 0.77570189 | R91: 2428507.8 | S91: -0.0052241226 | T91: 1111.2173 | U91: 994.11314 | V91: 245.84454 | W91: 4.0436657 | X91: Flexure-dominated | Z91: 683.992 | AA91: 95.1634 | AB91: 44.9102 | AC91: 15.546534 | AD91: 57.395529 | AE91: 57.395529 | AF91: 20pct_loss | AG91: TRUE | AH91: 3.6918538 | AI91: 679.81 | AJ91: 91.3101 | AK91: 45.9178 | AL91: 15.141499 | AM91: 56.88243 | AN91: 56.88243 | AO91: 20pct_loss | AP91: TRUE | AQ91: 3.7567237 | AR91: 683.992 | AS91: 57.395529 | AT91: 3.7567237 | AU91: 42.87446 | AV91: 61.24103 | AW91: 2.8062726 | AX91: 4.0084242 | AY91: Within calibration ranges | AZ91: None | BA91: =IF(COUNT(BB91:BC91)=2,MAX(BB91:BC91),"Missing input") -> 0 | BB91: =IF(AND(ISNUMBER(H91),Metadata!$H$5>Metadata!$G$5),MAX(Metadata!$G$5-H91,0,H91-Metadata!$H$5)/(Metadata!$H$5-Metadata!$G$5),"Missing input") -> 0 | BC91: =IF(AND(ISNUMBER(L91),Metadata!$H$8>Metadata!$G$8),MAX(Metadata!$G$8-L91,0,L91-Metadata!$H$8)/(Metadata!$H$8-Metadata!$G$8),"Missing input") -> 0
A92: W-H_LHS11 | B92: W-H | C92: Web | D92: WSH6 | E92: run_FEmodel_webconf.py | F92: 11 | G92: 24.502162 | H92: 33.048591 | I92: 1.57 | J92: 1.5 | K92: 0.78 | L92: 0.4 | M92: 10 | N92: 135 | Q92: 0.77570189 | R92: 2383007.1 | S92: -0.0059506572 | T92: 1134.972 | U92: 947.05062 | V92: 251.1 | W92: 3.7716074 | X92: Flexure-dominated | Z92: 596.313 | AA92: 95.1634 | AB92: 37.5573 | AC92: 15.478693 | AD92: 42.774875 | AE92: 42.774875 | AF92: 20pct_loss | AG92: TRUE | AH92: 2.7634682 | AI92: 592.773 | AJ92: 91.3101 | AK92: 37.0047 | AL92: 14.894065 | AM92: 41.30499 | AN92: 41.30499 | AO92: 20pct_loss | AP92: TRUE | AQ92: 2.7732517 | AR92: 596.313 | AS92: 42.774875 | AT92: 2.7732517 | AU92: 31.952832 | AV92: 45.640792 | AW92: 2.071619 | AX92: 2.9590596 | AY92: Within calibration ranges | AZ92: None | BA92: =IF(COUNT(BB92:BC92)=2,MAX(BB92:BC92),"Missing input") -> 0 | BB92: =IF(AND(ISNUMBER(H92),Metadata!$H$5>Metadata!$G$5),MAX(Metadata!$G$5-H92,0,H92-Metadata!$H$5)/(Metadata!$H$5-Metadata!$G$5),"Missing input") -> 0 | BC92: =IF(AND(ISNUMBER(L92),Metadata!$H$8>Metadata!$G$8),MAX(Metadata!$G$8-L92,0,L92-Metadata!$H$8)/(Metadata!$H$8-Metadata!$G$8),"Missing input") -> 0
A93: W-H_LHS12 | B93: W-H | C93: Web | D93: WSH6 | E93: run_FEmodel_webconf.py | F93: 12 | G93: 56.241154 | H93: 14.787645 | I93: 1.57 | J93: 1.5 | K93: 0.78 | L93: 0.4 | M93: 10 | N93: 135 | Q93: 0.77570189 | R93: 2448743.9 | S93: -0.0040103473 | T93: 1060.8343 | U93: 1074.0659 | V93: 234.69786 | W93: 4.5763772 | X93: Flexure-dominated | Z93: 767.219 | AA93: 95.1634 | AB93: 51.2964 | AC93: 14.505379 | AD93: 90.548486 | AE93: 90.548486 | AF93: 20pct_loss | AG93: TRUE | AH93: 6.2424075 | AI93: 763.774 | AJ93: 91.3101 | AK93: 58.7935 | AL93: 14.155249 | AM93: 89.980948 | AN93: 89.980948 | AO93: 20pct_loss | AP93: TRUE | AQ93: 6.3567196 | AR93: 767.219 | AS93: 90.548486 | AT93: 6.3567196 | AU93: 67.639719 | AV93: 96.615235 | AW93: 4.7484695 | AX93: 6.7826198 | AY93: Within calibration ranges | AZ93: None | BA93: =IF(COUNT(BB93:BC93)=2,MAX(BB93:BC93),"Missing input") -> 0 | BB93: =IF(AND(ISNUMBER(H93),Metadata!$H$5>Metadata!$G$5),MAX(Metadata!$G$5-H93,0,H93-Metadata!$H$5)/(Metadata!$H$5-Metadata!$G$5),"Missing input") -> 0 | BC93: =IF(AND(ISNUMBER(L93),Metadata!$H$8>Metadata!$G$8),MAX(Metadata!$G$8-L93,0,L93-Metadata!$H$8)/(Metadata!$H$8-Metadata!$G$8),"Missing input") -> 0
A94: W-H_LHS13 | B94: W-H | C94: Web | D94: WSH6 | E94: run_FEmodel_webconf.py | F94: 13 | G94: 49.119901 | H94: 22.549335 | I94: 1.57 | J94: 1.5 | K94: 0.78 | L94: 0.4 | M94: 10 | N94: 135 | Q94: 0.77570189 | R94: 3276584.6 | S94: -0.0050875346 | T94: 1412.9688 | U94: 1049.6113 | V94: 312.60372 | W94: 3.3576419 | X94: Flexure-dominated | Z94: 849.913 | AA94: 64.9347 | AB94: 44.9102 | AC94: 15.176895 | AD94: 45.034529 | AE94: 45.034529 | AF94: 20pct_loss | AG94: TRUE | AH94: 2.9673084 | AI94: 841.152 | AJ94: 64.883 | AK94: 39.3589 | AL94: 14.683779 | AM94: 60.273925 | AN94: 60.273925 | AO94: 20pct_loss | AP94: TRUE | AQ94: 4.1047965 | AR94: 849.913 | AS94: 60.273925 | AT94: 4.1047965 | AU94: 45.024622 | AV94: 64.312278 | AW94: 3.066283 | AX94: 4.3798178 | AY94: Within calibration ranges | AZ94: None | BA94: =IF(COUNT(BB94:BC94)=2,MAX(BB94:BC94),"Missing input") -> 0 | BB94: =IF(AND(ISNUMBER(H94),Metadata!$H$5>Metadata!$G$5),MAX(Metadata!$G$5-H94,0,H94-Metadata!$H$5)/(Metadata!$H$5-Metadata!$G$5),"Missing input") -> 0 | BC94: =IF(AND(ISNUMBER(L94),Metadata!$H$8>Metadata!$G$8),MAX(Metadata!$G$8-L94,0,L94-Metadata!$H$8)/(Metadata!$H$8-Metadata!$G$8),"Missing input") -> 0
A95: W-H_LHS14 | B95: W-H | C95: Web | D95: WSH6 | E95: run_FEmodel_webconf.py | F95: 14 | G95: 37.958866 | H95: 9.8264864 | I95: 1.57 | J95: 1.5 | K95: 0.78 | L95: 0.4 | M95: 10 | N95: 135 | Q95: 0.77570189 | R95: 1072728.2 | S95: -0.0032408732 | T95: 610.81355 | U95: 1007.3891 | V95: 135.13574 | W95: 7.4546459 | X95: Flexure-dominated | Z95: 510.474 | AA95: 95.1634 | AB95: 65.0062 | AC95: 15.264311 | AE95: 95.1634 | AF95: delta_max_fallback | AG95: FALSE | AH95: 6.2343726 | AI95: 507.837 | AJ95: 91.3101 | AK95: 64.8115 | AL95: 14.853646 | AN95: 91.3101 | AO95: delta_max_fallback | AP95: FALSE | AQ95: 6.1473191 | AR95: 510.474 | AS95: 95.1634 | AT95: 6.2343726 | AU95: 71.08706 | AV95: 101.53935 | AW95: 4.6570764 | AX95: 6.6520756 | AY95: Within calibration ranges | AZ95: None | BA95: =IF(COUNT(BB95:BC95)=2,MAX(BB95:BC95),"Missing input") -> 0 | BB95: =IF(AND(ISNUMBER(H95),Metadata!$H$5>Metadata!$G$5),MAX(Metadata!$G$5-H95,0,H95-Metadata!$H$5)/(Metadata!$H$5-Metadata!$G$5),"Missing input") -> 0 | BC95: =IF(AND(ISNUMBER(L95),Metadata!$H$8>Metadata!$G$8),MAX(Metadata!$G$8-L95,0,L95-Metadata!$H$8)/(Metadata!$H$8-Metadata!$G$8),"Missing input") -> 0
A96: W-H_LHS15 | B96: W-H | C96: Web | D96: WSH6 | E96: run_FEmodel_webconf.py | F96: 15 | G96: 27.308053 | H96: 5.2772179 | I96: 1.57 | J96: 1.5 | K96: 0.78 | L96: 0.4 | M96: 10 | N96: 135 | Q96: 0.77570189 | R96: 386052.96 | S96: -0.0025698583 | T96: 428.52672 | U96: 960.78844 | V96: 94.806797 | W96: 10.134173 | X96: Flexure-dominated | Z96: 369.508 | AA96: 72.1053 | AB96: 37.8091 | AC96: 16.122335 | AD96: 51.375421 | AE96: 51.375421 | AF96: 20pct_loss | AG96: TRUE | AH96: 3.1865992 | AI96: 368.783 | AJ96: 91.3246 | AK96: 32.2893 | AL96: 15.879048 | AN96: 91.3246 | AO96: delta_max_fallback | AP96: FALSE | AQ96: 5.7512643 | AR96: 369.508 | AS96: 91.3246 | AT96: 5.7512643 | AU96: 68.219476 | AV96: 97.443348 | AW96: 4.2961945 | AX96: 6.136599 | AY96: Within calibration ranges | AZ96: None | BA96: =IF(COUNT(BB96:BC96)=2,MAX(BB96:BC96),"Missing input") -> 0 | BB96: =IF(AND(ISNUMBER(H96),Metadata!$H$5>Metadata!$G$5),MAX(Metadata!$G$5-H96,0,H96-Metadata!$H$5)/(Metadata!$H$5-Metadata!$G$5),"Missing input") -> 0 | BC96: =IF(AND(ISNUMBER(L96),Metadata!$H$8>Metadata!$G$8),MAX(Metadata!$G$8-L96,0,L96-Metadata!$H$8)/(Metadata!$H$8-Metadata!$G$8),"Missing input") -> 0
A97: W-H_LHS16 | B97: W-H | C97: Web | D97: WSH6 | E97: run_FEmodel_webconf.py | F97: 16 | G97: 31.125212 | H97: 39.506907 | I97: 1.57 | J97: 1.5 | K97: 0.78 | L97: 0.4 | M97: 10 | N97: 135 | Q97: 0.77570189 | R97: 3642703.9 | S97: -0.0061201605 | T97: 1657.5347 | U97: 978.38946 | V97: 366.71121 | W97: 2.6680108 | X97: Flexure-dominated | Z97: 713.506 | AA97: 95.1634 | AB97: 32.7721 | AC97: 14.389893 | AD97: 35.978787 | AE97: 35.978787 | AF97: 20pct_loss | AG97: TRUE | AH97: 2.5002818 | AI97: 714.887 | AJ97: 91.3101 | AK97: 32.2893 | AL97: 13.773158 | AM97: 35.34031 | AN97: 35.34031 | AO97: 20pct_loss | AP97: TRUE | AQ97: 2.5658828 | AR97: 714.887 | AS97: 35.978787 | AT97: 2.5658828 | AU97: 26.876154 | AV97: 38.389366 | AW97: 1.9167144 | AX97: 2.7377969 | AY97: Within calibration ranges | AZ97: None | BA97: =IF(COUNT(BB97:BC97)=2,MAX(BB97:BC97),"Missing input") -> 0 | BB97: =IF(AND(ISNUMBER(H97),Metadata!$H$5>Metadata!$G$5),MAX(Metadata!$G$5-H97,0,H97-Metadata!$H$5)/(Metadata!$H$5-Metadata!$G$5),"Missing input") -> 0 | BC97: =IF(AND(ISNUMBER(L97),Metadata!$H$8>Metadata!$G$8),MAX(Metadata!$G$8-L97,0,L97-Metadata!$H$8)/(Metadata!$H$8-Metadata!$G$8),"Missing input") -> 0
A98: W-H_LHS17 | B98: W-H | C98: Web | D98: WSH6 | E98: run_FEmodel_webconf.py | F98: 17 | G98: 46.390186 | H98: 16.213875 | I98: 1.57 | J98: 1.5 | K98: 0.78 | L98: 0.4 | M98: 10 | N98: 135 | Q98: 0.77570189 | R98: 2210215.4 | S98: -0.0042266101 | T98: 992.19235 | U98: 1039.7705 | V98: 219.51158 | W98: 4.7367454 | X98: Flexure-dominated | Z98: 705.931 | AA98: 95.1634 | AB98: 51.2964 | AC98: 14.892288 | AD98: 83.749763 | AE98: 83.749763 | AF98: 20pct_loss | AG98: TRUE | AH98: 5.6237001 | AI98: 702.376 | AJ98: 91.3101 | AK98: 51.7576 | AL98: 14.494633 | AM98: 83.292138 | AN98: 83.292138 | AO98: 20pct_loss | AP98: TRUE | AQ98: 5.7464123 | AR98: 705.931 | AS98: 83.749763 | AT98: 5.7464123 | AU98: 62.561073 | AV98: 89.360998 | AW98: 4.29257 | AX98: 6.1314219 | AY98: Within calibration ranges | AZ98: None | BA98: =IF(COUNT(BB98:BC98)=2,MAX(BB98:BC98),"Missing input") -> 0 | BB98: =IF(AND(ISNUMBER(H98),Metadata!$H$5>Metadata!$G$5),MAX(Metadata!$G$5-H98,0,H98-Metadata!$H$5)/(Metadata!$H$5-Metadata!$G$5),"Missing input") -> 0 | BC98: =IF(AND(ISNUMBER(L98),Metadata!$H$8>Metadata!$G$8),MAX(Metadata!$G$8-L98,0,L98-Metadata!$H$8)/(Metadata!$H$8-Metadata!$G$8),"Missing input") -> 0
A99: W-H_LHS18 | B99: W-H | C99: Web | D99: WSH6 | E99: run_FEmodel_webconf.py | F99: 18 | G99: 54.165408 | H99: 18.252758 | I99: 1.57 | J99: 1.5 | K99: 0.78 | L99: 0.4 | M99: 10 | N99: 135 | Q99: 0.77570189 | R99: 2919725.6 | S99: -0.0045245918 | T99: 1250.2446 | U99: 1067.1062 | V99: 276.60279 | W99: 3.857901 | X99: Flexure-dominated | Z99: 829.808 | AA99: 95.1634 | AB99: 51.2964 | AC99: 14.881897 | AD99: 75.746965 | AE99: 75.746965 | AF99: 20pct_loss | AG99: TRUE | AH99: 5.0898731 | AI99: 826.351 | AJ99: 91.3101 | AK99: 51.7576 | AL99: 14.625497 | AM99: 75.292287 | AN99: 75.292287 | AO99: 20pct_loss | AP99: TRUE | AQ99: 5.1480156 | AR99: 829.808 | AS99: 75.746965 | AT99: 5.1480156 | AU99: 56.582983 | AV99: 80.822012 | AW99: 3.8455676 | AX99: 5.4929326 | AY99: Within calibration ranges | AZ99: None | BA99: =IF(COUNT(BB99:BC99)=2,MAX(BB99:BC99),"Missing input") -> 0 | BB99: =IF(AND(ISNUMBER(H99),Metadata!$H$5>Metadata!$G$5),MAX(Metadata!$G$5-H99,0,H99-Metadata!$H$5)/(Metadata!$H$5-Metadata!$G$5),"Missing input") -> 0 | BC99: =IF(AND(ISNUMBER(L99),Metadata!$H$8>Metadata!$G$8),MAX(Metadata!$G$8-L99,0,L99-Metadata!$H$8)/(Metadata!$H$8-Metadata!$G$8),"Missing input") -> 0
A100: W-H_LHS19 | B100: W-H | C100: Web | D100: WSH6 | E100: run_FEmodel_webconf.py | F100: 19 | G100: 21.707483 | H100: 43.497365 | I100: 1.57 | J100: 1.5 | K100: 0.78 | L100: 0.4 | M100: 10 | N100: 135 | Q100: 0.77570189 | R100: 2786376.3 | S100: -0.0061101643 | T100: 1327.8442 | U100: 932.5609 | V100: 293.77084 | W100: 3.1744502 | X100: Flexure-dominated | Z100: 564.998 | AA100: 95.1634 | AB100: 30.7572 | AC100: 14.209884 | AD100: 34.020897 | AE100: 34.020897 | AF100: 20pct_loss | AG100: TRUE | AH100: 2.3941714 | AI100: 571.102 | AJ100: 91.3101 | AK100: 31.6463 | AL100: 13.789699 | AM100: 33.059537 | AN100: 33.059537 | AO100: 20pct_loss | AP100: TRUE | AQ100: 2.3974082 | AR100: 571.102 | AS100: 34.020897 | AT100: 2.3974082 | AU100: 25.41361 | AV100: 36.300297 | AW100: 1.7908639 | AX100: 2.5580345 | AY100: Outside calibration ranges | AZ100: ALR | BA100: =IF(COUNT(BB100:BC100)=2,MAX(BB100:BC100),"Missing input") -> 0.094596678 | BB100: =IF(AND(ISNUMBER(H100),Metadata!$H$5>Metadata!$G$5),MAX(Metadata!$G$5-H100,0,H100-Metadata!$H$5)/(Metadata!$H$5-Metadata!$G$5),"Missing input") -> 0.094596678 | BC100: =IF(AND(ISNUMBER(L100),Metadata!$H$8>Metadata!$G$8),MAX(Metadata!$G$8-L100,0,L100-Metadata!$H$8)/(Metadata!$H$8-Metadata!$G$8),"Missing input") -> 0
...

Sheet Metadata
A1: Item | B1: Value
A2: Reference specimen | B2: WSH6
A3: Reference source | B3: Dazio, A., Beyer, K., & Bachmann, H. (2009). Quasi-static cyclic tests and plastic hinge analysis of RC structural walls. Engineering Structures, 31(7), 1556-1571.
A4: Reference properties | B4: wsh6_reference.py | F4: ML input | G4: Calibration min | H4: Calibration max
A5: Configuration source | B5: Configurations_model_input.xlsx | F5: ALR (%) | G5: 0.0757 | H5: 39.7448
A6: Web FE model | B6: run_FEmodel_webconf.py | F6: Lw (mm) | G6: 600 | H6: 2438.4
A7: Boundary FE model | B7: run_FEmodel_boundconf.py | F7: H (mm) | G7: 1200 | H7: 5276.8
A8: Calibration source | B8: PublicUse/MLmodel | F8: ρt (%) | G8: 0.1131 | H8: 1.7174
A9: Number of configurations | B9: 31 | F9: Lw/tw | G9: 5 | H9: 21.875
A10: Sampling design: | B10: Common crossed 20-point, two-dimensional Latin hypercube sampling (LHS). | F10: fylρl (MPa) | G10: 68.66 | H10: 1202.85
A11: LHS samples per configuration | B11: 20 | F11: fyvρv (MPa) | G11: 157.08 | H11: 1477.79
A12: Total analytical specimens | B12: 620 | F12: Acc (mm²) | G12: 0 | H12: 242736
A13: LHS seed | B13: 120
A14: Concrete strength range (MPa) | B14: 20-60
A15: ALR range (%) | B15: 5-45
A16: Web rho_l definition | B16: rho_l = n_face * A_bar / (s * t_w)
A17: Model-error lower factor | B17: 0.747
A18: Model-error upper factor | B18: 1.067
A19: Model-error bound scope | B19: Applied only to flexure-dominated analytical specimens; shear-susceptible specimens marked NA or left blank.
A20: Failure mode classification criteria | B20: Derived from V_CE/V_MCyE >= 1.15; engineering classification, not simulated physical shear failure
A21: Public repository naming note | B21: W-HL-3 is the standardized configuration identifier used in the manuscript and public database
A23: Delta_u_lower_bound_mm | B23: Lower model-error bound: Delta_u_abs_mm multiplied by the factor in Metadata!B16 (0.747). Unit: mm.
A24: Delta_u_upper_bound_mm | B24: Upper model-error bound: Delta_u_abs_mm multiplied by the factor in Metadata!B17 (1.067). Unit: mm.
A25: mu_lower_bound | B25: Lower model-error bound: mu_abs multiplied by the factor in Metadata!B16 (0.747). Dimensionless.
A26: mu_upper_bound | B26: Upper model-error bound: mu_abs multiplied by the factor in Metadata!B17 (1.067). Dimensionless.
A27: Bound interpretation | B27: Bounds apply only to flexure-dominated analytical specimens. NA or blank entries indicate that these bounds are not assigned. The multipliers represent the adopted model-error bounds, not positive/negative loading branches.
A28: ML calibration ranges | B28: Metadata!F5:H12 gives the eight input ranges from the implemented 110-Walls model: PublicUse/MLmodel/110-Walls/supportFiles/XtrainMin.txt and XtrainMax.txt.
A29: ML_range_status | B29: Within calibration ranges: all eight inputs lie within their inclusive limits. Outside calibration ranges: at least one input lies outside. These precomputed indicators describe the supplied analytical specimens and must be recomputed if inputs or calibration limits change.
A30: ML_out_of_range_inputs | B30: Semicolon-separated names of inputs outside their calibration limits. None means no input is outside. Missing input means the check cannot be completed.
A31: ML range interpretation | B31: This is a specimen-specific, univariate input-range check. Being within all ranges does not establish joint training-data coverage or guarantee prediction accuracy.
... A41: Recalculation scope | B41: The E formulas update ALR and rho_t exceedances. Changes to other ML inputs, calibration bounds, or the case set require repeating the full eight-input screening before interpreting E_max. Existing range-status labels are precomputed.

Sheet Common_LHS_20
A1: LHS_sample | B1: LHS_seed | C1: fc_MPa | D1: ALR
A2: 1 | B2: 120 | C2: 22.11414 | D2: 28.832066
A3: 2 | B3: 120 | C3: 39.289373 | D3: 11.435997
A4: 3 | B4: 120 | C4: 50.720967 | D4: 41.572102
A5: 4 | B5: 120 | C5: 40.065365 | D5: 25.230644
A6: 5 | B6: 120 | C6: 44.69165 | D6: 35.27886
A7: 6 | B7: 120 | C7: 33.0865 | D7: 19.795806
A8: 7 | B8: 120 | C8: 42.943728 | D8: 31.604416
A9: 8 | B9: 120 | C9: 29.155455 | D9: 7.3398505
A10: 9 | B10: 120 | C10: 59.748609 | D10: 37.783512
A11: 10 | B11: 120 | C11: 34.746338 | D11: 23.741461
A12: 11 | B12: 120 | C12: 24.502162 | D12: 33.048591
A13: 12 | B13: 120 | C13: 56.241154 | D13: 14.787645
... A21: 20 | B21: 120 | C21: 53.035991 | D21: 30.346543

Sheet Configuration_Definitions
A1: Configuration | B1: Configuration_family | C1: rho_bl | D1: rho_sh | E1: rho_l | F1: rho_t | G1: dbar_mm | H1: webspacing_mm | I1: dbar1_mm | J1: no_bars_bl
A2: Base model | B2: Reference | C2: 1.57 | D2: 1.5 | E2: 0.54 | F2: 0.25 | G2: 8 | H2: 125
A3: W-L | B3: Web | C3: 1.57 | D3: 1.5 | E3: 0.27 | F3: 0.18 | G3: 8 | H3: 250
A4: W-VL | B4: Web | C4: 1.57 | D4: 1.5 | E4: 0.2 | F4: 0.12 | G4: 6 | H4: 190
A5: W-M | B5: Web | C5: 1.57 | D5: 1.5 | E5: 0.4 | F5: 0.3 | G5: 8 | H5: 170
A6: W-H | B6: Web | C6: 1.57 | D6: 1.5 | E6: 0.78 | F6: 0.4 | G6: 10 | H6: 135
A7: W-VH | B7: Web | C7: 1.57 | D7: 1.5 | E7: 0.95 | F7: 0.55 | G7: 10 | H7: 110
A8: W-HL-1 | B8: Web | C8: 1.57 | D8: 1.5 | E8: 0.84 | F8: 0.1 | G8: 10 | H8: 125
A9: W-HL-2 | B9: Web | C9: 1.57 | D9: 1.5 | E9: 0.95 | F9: 0.15 | G9: 10 | H9: 110
A10: W-HL-3 | B10: Web | C10: 1.57 | D10: 1.5 | E10: 1.2 | F10: 0.2 | G10: 12 | H10: 125
A11: W-LH-1 | B11: Web | C11: 1.57 | D11: 1.5 | E11: 0.15 | F11: 0.4 | G11: 6 | H11: 250
A12: W-LH-2 | B12: Web | C12: 1.57 | D12: 1.5 | E12: 0.2 | F12: 0.5 | G12: 6 | H12: 190
A13: W-LH-3 | B13: Web | C13: 1.57 | D13: 1.5 | E13: 0.25 | F13: 0.6 | G13: 6 | H13: 150
... A20: W-Z-4 | B20: Web | C20: 1.57 | D20: 1.5 | E20: 1.2 | F20: 0.05 | G20: 12 | H20: 125
A21: B-L | B21: Boundary | C21: 1.09 | D21: 0.6 | E21: 0.54 | F21: 0.25 | I21: 10 | J21: 8
A22: B-M | B22: Boundary | C22: 1.57 | D22: 1 | E22: 0.54 | F22: 0.25 | I22: 12 | J22: 8
A23: B-IM | B23: Boundary | C23: 1.36 | D23: 1.25 | E23: 0.54 | F23: 0.25 | I23: 10 | J23: 10
A24: B-H | B24: Boundary | C24: 1.95 | D24: 1.8 | E24: 0.54 | F24: 0.25 | I24: 12 | J24: 10
A25: B-VH | B25: Boundary | C25: 2.13 | D25: 2.2 | E25: 0.54 | F25: 0.25 | I25: 14 | J25: 8
A26: U-1 | B26: Boundary | C26: 1.17 | D26: 0.8 | E26: 0.54 | F26: 0.25 | I26: 12 | J26: 6
A27: U-2 | B27: Boundary | C27: 0.82 | D27: 0.6 | E27: 0.54 | F27: 0.25 | I27: 10 | J27: 6
A28: U-3 | B28: Boundary | C28: 0.82 | D28: 0.45 | E28: 0.54 | F28: 0.25 | I28: 10 | J28: 6
A29: U-4 | B29: Boundary | C29: 0.54 | D29: 0.4 | E29: 0.54 | F29: 0.25 | I29: 10 | J29: 4
A30: OR-1 | B30: Boundary | C30: 2.35 | D30: 2.6 | E30: 0.54 | F30: 0.25 | I30: 12 | J30: 12
A31: OR-2 | B31: Boundary | C31: 2.8 | D31: 3 | E31: 0.54 | F31: 0.25 | I31: 16 | J31: 8
A32: OR-3 | B32: Boundary | C32: 3.5 | D32: 3.2 | E32: 0.54 | F32: 0.25 | I32: 18 | J32: 8
